# All climatologies for cumulative degree days > 20, 1991-2020
# Cumulative degree days starting March 1 from ACIS
#
d_since_march1,GULKANA_AIRPORT,TANANA_AIRPORT,KETCHIKAN_AIRPORT,COLLEGE_OBSERVATORY,AUKE_BAY,BETHEL_AIRPORT,ANCHORAGE_MERRILL_FIELD,SKAGWAY_AIRPORT,EAGLE,BIG_DELTA_AIRPORT,BARROW_AIRPORT,KOTZEBUE_AIRPORT,JUNEAU_AIRPORT,KODIAK_AIRPORT,ILIAMNA_AIRPORT,HAINES_AIRPORT,KING_SALMON_AIRPORT,CORDOVA_AIRPORT,SITKA_AIRPORT,MCGRATH_AP,COLD_BAY_AIRPORT,TALKEETNA_AIRPORT,SAINT_PAUL_ISLAND_AIRPORT,KENAI_AIRPORT,NORTH_POLE,NOME_AIRPORT,BETTLES_AIRPORT,ANCHORAGE_TED_STEVENS_INTERNATIONAL_AIRPORT,YAKUTAT_AIRPORT,ALYESKA,NENANA_MUN_AP,HOMER_AIRPORT,NORTHWAY_AIRPORT,CHICKEN,FAIRBANKS_INTL_AP,DUTCH_HARBOR,MCKINLEY_PARK
0,0.00,0.00,16.30,0.00,12.10,0.00,0.46,10.31,0.00,0.00,0.00,0.00,11.32,10.75,0.11,10.09,0.00,9.33,16.92,0.00,9.18,0.00,5.33,0.00,0.00,0.00,0.00,2.05,10.87,6.11,0.00,5.97,0.00,0.00,0.00,13.86,0.00
1,0.00,0.00,32.65,0.00,24.24,0.00,2.44,20.66,0.00,0.00,0.00,0.00,22.39,22.00,1.18,20.08,1.73,17.15,33.64,0.00,19.78,0.00,11.88,0.00,0.00,0.00,0.00,4.03,20.47,11.34,0.00,12.81,0.00,0.00,0.00,28.21,0.00
2,0.00,0.00,49.33,0.00,35.65,0.00,5.18,31.14,0.00,0.00,0.00,0.00,32.66,33.18,2.64,29.13,2.46,25.03,49.21,0.00,30.16,0.00,19.22,0.00,0.00,0.00,0.00,5.61,28.95,16.36,0.00,19.50,0.00,0.00,0.00,43.46,0.00
3,0.00,0.00,63.84,0.00,45.70,0.00,7.01,40.49,0.00,0.00,0.00,0.00,41.58,44.63,3.78,37.24,3.53,32.26,63.96,0.00,40.96,0.00,26.86,0.00,0.00,0.00,0.00,7.43,36.90,21.41,0.00,25.71,0.00,0.00,0.00,58.73,0.00
4,0.00,0.00,78.42,0.00,55.60,0.00,9.79,49.07,0.00,0.00,0.00,0.00,50.41,57.41,5.74,43.72,7.40,40.96,79.09,0.00,52.41,0.00,33.19,0.40,0.00,0.00,0.00,10.08,45.42,26.46,0.00,33.42,0.00,0.00,0.00,74.14,0.00
5,0.00,0.00,93.50,0.00,65.46,0.00,11.44,58.65,0.00,0.00,0.00,0.00,59.91,70.38,8.26,51.55,12.03,49.84,94.62,0.00,64.51,0.13,40.14,2.63,0.00,0.00,0.00,12.83,54.04,32.50,0.00,41.26,0.00,0.00,0.00,89.64,0.00
6,0.00,0.00,108.45,0.00,75.55,0.00,13.57,68.50,0.00,0.00,0.00,0.00,69.63,82.48,12.10,59.72,17.23,58.44,110.34,0.00,76.01,1.88,46.30,5.33,0.00,0.00,0.00,16.28,63.16,38.11,0.00,50.29,0.00,0.00,0.00,105.53,0.00
7,0.00,0.00,123.27,0.00,86.33,0.00,16.87,78.19,0.00,0.00,0.00,0.00,80.31,94.53,15.49,68.33,21.33,66.89,125.82,0.00,86.81,4.46,51.39,8.15,0.00,0.00,0.00,20.50,73.03,44.73,0.00,59.41,0.00,0.00,0.00,119.93,0.00
8,0.00,0.00,138.34,0.00,98.45,0.00,19.91,89.02,0.00,0.00,0.00,0.00,91.78,106.00,16.49,78.85,23.10,76.01,141.70,0.00,97.03,5.94,56.20,10.28,0.00,0.00,0.00,24.78,82.88,50.91,0.00,66.96,0.00,0.00,0.00,134.12,0.00
9,0.00,0.00,154.51,0.00,110.71,0.00,23.00,99.90,0.00,0.00,0.00,0.00,103.53,117.88,17.74,89.18,24.95,84.68,158.05,0.00,105.68,7.57,60.54,11.90,0.00,0.00,0.00,28.63,93.23,55.68,0.00,74.68,0.00,0.00,0.00,147.57,0.00
10,0.00,0.00,172.21,0.00,122.80,0.00,25.35,110.88,0.00,0.00,0.00,0.00,115.06,130.00,19.10,99.11,25.90,93.33,174.74,0.00,113.45,9.32,64.33,13.88,0.00,0.00,0.00,32.85,103.70,61.34,0.00,82.52,0.00,0.00,0.00,160.07,0.00
11,0.00,0.00,190.24,0.00,134.25,0.00,28.61,121.63,0.00,0.00,0.00,0.00,126.63,141.48,19.46,108.63,26.82,102.13,191.89,0.00,121.57,11.25,67.74,15.20,0.00,0.00,0.00,37.32,114.15,66.78,0.00,89.80,0.00,0.00,0.00,173.01,0.00
12,0.00,0.00,209.16,0.00,146.34,0.00,31.54,132.69,0.00,0.00,0.00,0.00,139.10,152.66,21.87,118.26,27.84,110.80,209.45,0.00,130.64,12.70,72.33,16.98,0.00,0.00,0.00,41.00,125.20,72.85,0.00,97.09,0.00,0.00,0.00,186.33,0.00
13,0.00,0.00,227.31,0.00,158.94,0.00,35.58,143.57,0.00,0.00,0.00,0.00,150.97,163.31,23.53,127.61,27.84,120.58,226.06,0.00,139.62,14.37,75.52,18.85,0.00,0.00,0.00,44.98,135.70,78.49,0.00,104.61,0.00,0.00,0.00,199.53,0.00
14,0.00,0.00,244.29,0.00,171.60,0.00,38.69,155.88,0.00,0.00,0.00,0.00,163.27,173.66,24.32,137.46,28.29,130.90,242.80,0.00,148.02,16.17,79.18,20.68,0.00,0.00,0.00,48.73,146.98,83.67,0.00,112.40,0.00,0.00,0.00,212.67,0.00
15,0.00,0.00,260.91,0.00,184.86,0.00,45.17,168.76,0.00,0.00,0.00,0.00,175.84,185.19,25.99,148.59,30.29,142.45,259.75,0.00,157.22,18.77,82.35,23.80,0.00,0.00,0.00,54.40,158.80,89.41,0.00,120.71,0.00,0.00,0.00,225.60,0.00
16,0.00,0.00,278.26,0.00,198.65,0.00,50.41,182.78,0.00,0.00,0.00,0.00,188.96,197.79,28.04,160.63,32.36,152.77,277.27,0.00,166.24,21.89,85.47,26.58,0.00,0.00,0.00,59.18,170.25,96.77,0.00,129.37,0.00,0.00,0.00,238.78,0.00
17,0.00,0.00,295.78,0.00,212.62,0.00,55.89,196.01,0.00,0.00,0.00,0.00,201.71,210.16,29.47,171.89,32.59,164.09,294.32,0.00,175.49,25.27,90.09,30.01,0.00,0.00,0.00,64.56,181.33,104.34,0.00,138.58,0.00,0.00,0.00,251.85,0.00
18,0.00,0.00,313.75,0.00,226.80,0.00,62.87,209.05,0.00,0.00,0.00,0.00,214.86,222.03,29.47,184.04,32.59,175.76,312.52,0.00,184.61,30.12,95.57,34.56,0.00,0.00,0.00,71.21,192.95,112.07,0.00,147.11,0.00,0.00,0.00,266.03,0.00
19,0.00,0.00,332.42,0.00,240.89,0.00,69.33,223.32,0.00,0.00,0.00,0.00,228.08,234.11,30.61,196.58,33.34,186.13,331.39,0.00,193.07,34.40,99.17,37.73,0.00,0.00,0.00,77.13,204.97,120.05,0.00,155.58,0.00,0.00,0.00,280.34,0.00
20,0.00,0.00,351.24,0.00,256.21,0.00,76.76,238.17,0.00,0.00,0.00,0.00,242.15,246.74,33.43,209.67,36.39,197.20,350.01,0.00,201.20,38.93,103.77,41.61,0.00,0.00,0.00,83.81,217.67,128.13,0.00,164.82,0.00,0.00,0.00,292.91,0.00
21,0.00,0.00,371.01,0.00,271.40,0.00,84.76,253.42,0.00,0.00,0.00,0.00,257.08,260.74,36.84,223.21,40.57,209.02,369.39,0.00,210.63,44.68,108.70,46.31,0.00,0.00,0.00,91.33,230.84,136.65,0.00,174.66,0.00,0.00,0.00,305.96,0.00
22,0.00,0.00,390.01,0.00,286.81,0.00,93.98,269.84,0.00,0.00,0.00,0.00,271.55,274.31,41.22,238.25,44.94,222.02,388.29,0.00,221.43,50.78,113.70,52.49,0.00,0.00,0.00,99.60,244.06,146.15,0.00,185.69,0.00,0.00,0.00,320.96,0.00
23,1.76,0.00,409.34,0.00,302.59,0.00,104.48,285.57,0.00,0.48,0.00,0.00,286.65,289.23,47.11,253.27,50.67,236.20,407.09,0.00,231.63,58.38,118.56,60.21,0.00,0.00,0.00,109.18,257.71,156.67,0.00,197.31,0.00,0.00,0.00,336.47,0.00
24,3.66,0.00,429.17,0.69,319.20,0.00,115.20,302.88,0.00,1.63,0.00,0.00,302.50,304.03,52.95,269.44,56.35,249.77,427.06,0.00,242.00,66.41,123.04,68.81,1.39,0.00,0.00,119.63,271.66,167.10,0.00,209.47,0.00,0.00,0.00,350.74,0.00
25,4.57,0.00,449.30,2.04,336.58,0.00,124.77,320.46,0.00,1.63,0.00,0.00,319.40,318.11,57.83,285.85,60.83,263.42,446.81,0.00,253.12,74.03,128.28,77.19,1.39,0.00,0.00,129.23,286.09,178.30,0.00,221.83,0.00,0.00,0.00,364.60,0.00
26,6.16,0.00,469.12,2.04,353.77,0.00,133.99,337.88,0.00,1.63,0.00,0.00,335.85,331.68,62.40,301.87,66.26,277.50,466.01,0.00,264.62,81.61,133.73,85.17,1.39,0.00,0.00,138.58,300.72,189.62,0.00,233.16,0.00,0.00,0.00,378.85,0.00
27,8.75,0.00,489.04,2.04,371.02,0.00,143.90,355.53,0.00,2.07,0.00,0.00,352.78,346.05,68.79,317.85,73.41,291.52,486.06,0.00,275.37,89.93,139.02,92.95,1.66,0.00,0.00,148.70,315.19,200.73,0.00,245.90,0.00,0.00,0.00,394.08,0.00
28,12.66,0.00,509.67,3.20,388.10,0.00,154.66,373.11,0.00,3.44,0.00,0.00,369.58,360.12,74.47,334.59,80.78,306.05,506.49,0.00,285.05,99.55,143.09,101.95,1.66,0.00,0.00,159.52,329.72,212.44,0.00,258.52,0.00,0.00,0.00,408.54,0.00
29,15.47,0.00,530.25,5.72,405.67,0.00,164.81,391.19,0.00,5.34,0.00,0.00,386.83,373.80,78.35,351.48,85.95,319.68,526.27,0.00,295.18,108.62,147.54,110.10,1.66,0.00,0.00,170.09,343.87,224.24,0.00,269.88,0.00,0.00,0.00,422.93,0.00
30,19.35,0.00,550.98,8.03,423.34,0.00,175.24,408.42,0.00,7.90,0.00,0.00,403.70,387.53,84.94,368.00,93.02,333.61,545.45,0.15,306.53,118.52,152.57,119.50,2.96,0.00,0.00,181.29,357.39,235.81,0.00,282.78,0.00,0.00,0.70,436.88,0.00
31,23.63,0.00,570.85,12.61,440.04,0.63,186.79,425.71,0.30,12.80,0.00,0.00,419.43,402.23,93.35,384.57,101.25,347.21,565.17,2.92,318.65,129.19,160.05,129.45,6.25,0.00,0.00,193.04,370.97,248.11,1.62,296.16,0.53,0.00,4.05,450.99,2.24
32,28.01,0.00,590.57,17.69,457.01,2.50,199.70,443.25,1.05,17.20,0.00,0.00,435.76,417.90,102.47,400.77,112.08,361.28,584.44,6.75,332.18,139.39,168.52,141.33,7.96,0.00,0.00,205.61,384.79,261.13,1.62,310.35,1.41,0.00,6.23,465.66,5.65
33,32.39,0.00,610.05,21.34,474.15,6.85,213.20,461.10,1.05,22.57,0.00,0.00,452.14,434.70,112.88,417.03,123.46,376.36,604.12,11.37,345.66,150.41,176.54,152.16,11.01,0.00,0.00,218.18,399.47,274.58,4.14,325.14,1.44,0.00,9.41,480.89,6.84
34,38.04,0.00,630.27,26.71,491.79,10.38,227.61,478.89,1.05,29.01,0.00,0.00,469.29,451.22,123.83,433.40,135.46,391.91,624.65,16.04,359.46,162.91,183.97,164.26,17.22,0.00,0.00,232.03,414.44,289.12,9.37,340.36,3.14,0.00,15.54,497.14,8.50
35,45.73,1.02,651.62,34.63,510.41,12.56,242.39,496.66,4.19,37.64,0.00,0.00,487.07,468.44,135.04,449.70,146.89,408.48,645.97,20.79,372.53,176.89,190.31,178.08,24.51,0.00,0.00,246.41,430.57,304.17,15.13,356.15,5.99,0.00,22.29,512.78,12.45
36,53.73,2.57,673.55,43.03,529.03,14.79,256.74,515.83,9.08,45.26,0.00,0.00,505.44,484.57,144.31,467.70,157.39,424.63,667.17,24.86,385.71,189.92,198.40,190.65,33.03,0.00,0.00,260.16,447.07,319.55,20.07,370.93,9.21,1.95,29.79,527.83,17.61
37,61.59,4.47,695.52,51.12,548.56,18.44,271.44,535.85,14.19,52.32,0.00,0.00,525.07,500.40,153.79,486.81,167.96,440.70,688.21,29.94,398.24,202.37,205.69,203.18,40.63,0.00,0.00,274.06,463.85,334.36,25.38,385.84,13.08,4.16,36.97,543.44,22.56
38,69.97,6.42,716.82,57.47,569.01,22.82,285.64,555.64,19.65,59.49,0.00,0.00,544.05,516.12,164.74,506.38,179.09,456.60,708.99,35.04,410.92,214.49,213.50,215.33,47.97,0.00,0.00,287.93,479.80,348.88,29.71,400.96,17.88,5.90,43.87,558.85,26.99
39,78.21,9.75,738.32,64.43,588.96,28.92,300.63,574.95,24.51,68.34,0.00,0.00,562.90,532.30,175.83,525.36,192.14,472.58,729.91,41.87,424.14,227.57,221.62,228.88,56.86,0.00,0.00,302.40,495.75,363.56,36.31,416.27,23.18,8.54,52.77,574.05,30.90
40,87.04,14.89,760.04,73.62,609.36,34.84,315.85,594.89,29.92,78.26,0.00,0.00,581.92,549.17,188.63,544.77,205.74,488.18,751.21,49.90,437.57,240.65,229.55,242.30,66.88,0.00,0.52,317.47,511.87,378.49,43.88,432.72,29.36,10.68,62.29,590.30,36.43
41,96.30,18.86,782.06,83.75,629.53,39.07,331.39,615.58,37.24,88.89,0.00,0.00,601.09,565.35,201.15,565.20,218.17,504.65,772.68,56.65,450.85,253.65,238.02,255.98,77.61,0.00,1.04,332.39,528.99,393.35,52.28,448.41,37.44,14.01,72.49,606.96,42.36
42,105.28,22.69,804.53,94.63,650.57,45.15,347.54,635.98,44.22,99.74,0.00,0.00,621.21,582.40,213.65,585.77,230.20,521.15,794.63,65.03,464.87,267.52,247.19,269.76,87.70,0.77,2.09,347.57,546.69,408.99,60.76,464.82,45.64,19.65,82.52,623.14,47.51
43,115.21,27.53,827.05,105.28,672.19,51.95,364.24,658.23,50.46,110.82,0.00,0.00,641.81,600.23,226.92,607.27,243.25,537.82,816.43,74.76,479.62,281.65,256.29,283.69,98.63,2.39,4.04,363.70,564.54,425.20,70.55,480.89,53.69,25.39,93.40,638.73,53.32
44,127.02,35.19,850.47,115.92,693.71,60.62,381.85,680.11,57.70,123.24,0.00,0.00,661.93,619.43,241.10,628.16,258.48,555.22,839.00,85.91,494.57,297.07,265.91,299.17,111.22,2.74,6.47,380.43,582.27,441.27,81.79,498.30,62.61,30.58,105.85,655.68,59.84
45,139.78,42.17,874.15,128.46,715.21,68.28,399.92,701.23,65.39,136.34,0.00,0.00,682.78,637.61,255.80,649.05,273.71,573.57,861.92,95.86,509.27,313.17,275.98,315.44,123.76,3.36,8.90,397.75,600.95,458.48,92.27,515.89,72.29,37.29,118.30,672.66,68.34
46,152.35,49.34,898.40,140.27,737.62,76.65,418.33,722.58,75.18,148.67,0.00,0.00,703.91,655.44,269.71,670.68,288.59,591.44,885.40,105.96,524.90,328.95,286.86,331.36,136.33,5.61,13.37,415.02,619.38,475.00,103.75,533.48,81.91,43.65,131.03,689.77,76.50
47,165.56,57.18,921.48,152.54,760.05,85.93,437.81,743.87,83.84,162.21,0.00,0.00,725.19,673.77,284.33,692.53,304.76,609.89,908.18,118.18,540.52,345.45,297.15,348.06,150.26,8.84,18.92,432.65,637.28,491.39,116.46,551.82,92.99,50.39,145.36,707.25,84.95
48,180.99,67.27,944.40,167.10,782.29,96.63,457.88,765.68,94.80,178.98,0.00,0.00,746.44,693.05,300.37,714.12,322.29,628.51,930.85,132.28,555.54,363.35,306.32,365.91,166.09,12.52,26.32,451.35,655.68,508.89,130.27,571.32,105.66,59.06,161.59,724.09,94.63
49,196.39,78.75,967.65,183.14,805.01,107.05,478.55,788.20,106.68,196.02,0.00,0.00,768.46,712.07,316.75,736.38,338.97,646.66,954.67,146.80,570.34,382.15,316.39,384.21,182.20,16.57,33.85,470.87,674.85,526.85,145.23,590.75,120.19,68.51,178.26,740.64,105.77
50,212.49,91.78,991.42,200.22,828.35,118.52,499.68,811.68,121.28,214.98,0.00,0.00,790.98,731.17,332.91,759.51,356.94,665.56,978.22,162.18,585.54,400.43,326.36,402.41,199.77,21.64,42.80,491.22,694.22,545.12,162.06,610.16,135.11,80.11,196.91,757.69,118.98
51,228.77,105.71,1015.67,218.09,851.99,132.12,521.01,834.91,136.62,233.48,0.00,0.00,813.88,750.49,349.79,782.53,374.89,685.08,1002.05,178.90,601.07,419.75,337.07,420.88,217.54,27.57,52.02,511.25,714.05,563.46,178.68,629.69,150.19,91.82,216.14,775.03,132.15
52,245.49,120.74,1040.22,237.33,876.56,146.45,542.29,858.74,153.46,253.25,0.00,1.34,837.25,770.34,368.13,805.57,394.11,705.43,1026.73,196.50,618.14,439.38,348.45,440.68,237.24,35.54,62.65,531.83,734.70,582.00,197.37,650.29,166.01,105.30,236.81,792.30,146.20
53,263.06,136.60,1065.35,258.95,900.78,160.33,563.68,883.39,171.75,273.38,0.00,3.65,860.45,791.02,386.88,829.20,413.89,726.03,1052.00,214.43,634.94,459.21,359.86,460.84,256.95,43.67,74.13,552.51,755.75,601.71,216.04,670.34,183.03,119.47,257.83,810.32,161.15
54,280.73,152.91,1090.70,279.95,925.64,174.88,585.83,907.72,189.98,293.09,0.00,5.63,884.23,812.44,406.00,853.27,433.61,746.73,1077.20,232.58,651.81,479.74,371.89,480.72,275.20,52.05,86.18,574.08,776.95,622.12,234.37,690.84,199.93,133.99,278.18,828.05,176.48
55,299.33,168.15,1116.48,299.82,951.17,190.23,608.63,933.24,206.94,312.24,0.00,7.63,908.88,833.67,425.39,878.27,454.08,767.93,1102.73,251.05,669.06,500.47,383.48,501.75,294.68,60.67,98.63,595.90,798.97,642.78,251.94,711.58,217.76,148.09,298.35,845.57,191.31
56,318.17,184.87,1142.88,319.86,976.59,206.08,631.78,958.91,224.73,332.43,0.00,10.51,933.50,855.67,445.44,903.12,474.33,789.83,1127.75,269.72,685.81,522.07,395.64,523.18,314.73,69.45,111.68,618.20,820.60,662.98,270.87,732.98,236.63,161.59,319.85,864.00,204.88
57,337.79,202.54,1169.21,341.71,1001.93,220.88,656.37,984.20,243.25,353.74,0.00,13.29,957.90,877.00,465.32,928.45,494.08,811.51,1152.80,288.95,703.08,543.42,408.61,544.25,336.14,78.42,125.43,641.52,841.97,684.46,289.92,754.48,256.43,175.92,341.75,883.02,220.47
58,356.79,220.14,1194.63,362.69,1027.53,236.38,680.35,1009.20,261.45,374.09,0.00,16.22,982.35,898.95,484.78,952.86,514.51,832.98,1177.97,307.90,719.80,564.64,422.32,565.85,356.89,87.09,139.45,663.89,863.10,705.91,309.35,776.15,275.65,191.90,362.98,901.66,235.50
59,376.20,239.11,1220.08,384.00,1052.46,253.25,705.65,1034.64,279.46,395.71,0.00,20.38,1006.55,920.42,505.28,977.86,535.03,854.38,1202.92,327.73,737.70,585.59,435.53,587.77,378.44,96.76,154.28,687.37,884.12,726.96,330.59,797.89,295.05,208.94,385.63,921.34,251.50
60,395.75,258.63,1245.60,406.46,1077.70,270.75,730.91,1060.47,298.16,417.29,0.00,24.07,1031.07,941.34,525.10,1003.25,555.80,876.31,1227.94,347.96,755.37,607.69,448.34,609.62,400.55,106.68,169.40,711.20,905.67,748.39,352.11,819.58,314.48,225.84,408.55,941.59,268.31
61,415.63,277.01,1272.25,428.06,1103.48,286.90,755.34,1087.16,318.98,438.66,0.00,27.50,1056.02,962.74,545.44,1029.10,576.17,898.69,1253.84,367.68,773.29,630.14,460.84,631.59,421.90,115.81,184.05,734.38,928.15,770.37,373.42,840.84,333.66,243.03,431.02,961.48,285.24
62,435.30,294.87,1299.27,449.69,1129.95,303.40,779.73,1114.51,338.73,459.33,0.00,30.66,1081.87,984.79,565.24,1055.34,596.67,920.62,1280.36,387.50,791.59,651.72,474.60,652.96,441.79,124.96,198.80,757.55,950.93,791.99,393.97,862.48,352.61,260.98,453.54,981.09,301.81
63,456.09,312.94,1325.42,471.88,1156.55,318.70,804.77,1141.18,357.96,481.02,0.00,34.25,1106.89,1007.71,585.70,1081.05,617.57,943.39,1306.03,407.43,809.22,674.12,488.08,674.52,462.50,133.74,213.45,780.98,973.33,814.38,415.80,884.05,372.33,278.34,476.44,1000.64,318.80
64,476.33,330.82,1351.97,492.88,1182.34,334.07,830.18,1167.41,377.84,502.62,0.00,38.41,1131.84,1030.69,606.90,1106.58,637.22,965.62,1331.85,427.45,826.67,696.70,501.22,696.32,482.79,142.87,228.42,804.56,994.85,836.54,437.87,905.96,392.16,296.47,499.22,1020.14,335.39
65,496.90,350.20,1378.50,514.53,1208.25,352.04,855.05,1193.91,397.30,524.33,0.00,43.07,1156.49,1053.59,627.70,1132.93,658.29,987.35,1357.38,448.77,844.45,719.27,514.03,718.72,504.59,154.64,243.97,827.68,1016.32,859.33,459.31,928.03,413.14,314.16,522.45,1039.69,352.13
66,518.12,371.25,1404.88,536.45,1234.92,370.82,881.44,1220.49,418.00,547.62,0.00,49.04,1182.02,1076.59,649.70,1159.36,680.31,1009.58,1382.88,471.17,862.75,742.49,527.25,741.47,527.14,166.77,261.77,852.65,1038.57,881.94,482.16,950.67,434.31,333.11,546.57,1059.37,369.49
67,540.55,393.37,1431.61,560.75,1261.87,388.85,908.57,1247.24,440.12,572.00,0.00,56.21,1207.72,1099.22,671.72,1186.40,702.08,1032.71,1408.60,494.37,881.55,766.94,541.23,764.67,550.82,179.24,280.34,878.28,1061.55,904.94,505.71,973.34,456.54,352.68,571.50,1079.61,388.65
68,563.21,415.53,1459.56,585.13,1288.94,406.52,934.75,1275.66,462.32,597.52,0.00,64.64,1234.25,1122.29,693.38,1214.57,723.90,1055.73,1435.23,516.99,900.67,790.86,555.97,787.84,575.33,192.41,300.36,903.00,1084.98,928.36,530.95,995.75,479.29,372.97,597.82,1100.54,408.25
69,585.92,439.46,1487.36,611.44,1317.08,426.15,962.47,1304.71,486.71,623.44,0.00,75.26,1261.22,1145.47,715.97,1243.53,745.75,1080.20,1462.56,541.34,919.44,816.34,571.19,812.17,601.04,207.33,321.46,929.38,1108.80,952.75,556.21,1019.77,502.82,393.76,624.99,1121.24,428.35
70,609.35,464.39,1516.03,639.25,1346.15,447.22,990.01,1334.11,512.52,650.59,1.15,87.43,1289.17,1169.34,739.17,1273.44,768.85,1104.33,1489.78,566.89,938.66,842.24,587.22,836.25,628.06,222.88,343.09,955.70,1132.58,977.34,583.16,1043.67,527.05,415.26,653.06,1141.88,449.56
71,632.71,489.29,1544.83,667.13,1375.65,468.42,1018.58,1363.94,539.31,677.61,3.28,100.02,1317.39,1194.17,763.12,1303.66,792.72,1128.56,1518.03,592.66,958.21,868.02,603.05,861.07,654.92,238.66,366.66,982.67,1157.00,1002.07,610.33,1067.69,551.22,437.40,681.69,1163.27,472.23
72,657.59,515.03,1573.88,695.88,1404.81,489.97,1047.58,1393.97,565.10,705.17,4.91,113.19,1345.52,1218.92,786.83,1333.33,817.07,1153.41,1545.75,620.01,978.91,895.20,618.64,886.38,682.47,254.81,390.53,1010.50,1181.08,1027.95,638.33,1091.55,577.15,459.54,710.46,1184.75,494.75
73,681.43,539.98,1602.80,724.63,1434.67,512.20,1076.32,1423.89,591.83,732.34,6.13,126.72,1374.39,1243.07,811.21,1363.68,840.99,1177.99,1573.82,646.38,999.83,922.22,634.35,910.88,709.81,271.21,413.41,1037.85,1205.58,1053.63,665.78,1115.64,602.48,481.71,739.08,1206.42,517.08
74,706.14,565.41,1632.12,751.84,1465.07,535.08,1105.75,1453.37,617.94,760.01,7.85,139.41,1403.07,1268.22,835.92,1393.27,865.61,1203.49,1601.44,673.83,1020.66,949.55,650.49,935.81,737.26,287.68,436.94,1065.92,1230.58,1080.09,694.97,1140.69,628.63,503.26,768.48,1228.51,539.55
75,731.07,592.43,1661.95,780.09,1494.66,558.98,1135.79,1483.31,643.53,788.11,10.58,153.07,1431.95,1293.35,860.12,1423.60,890.26,1228.44,1628.72,701.83,1041.74,976.70,666.63,961.26,765.44,305.65,462.06,1094.29,1255.28,1106.39,725.21,1165.28,655.05,526.02,798.58,1250.18,563.14
76,755.64,619.65,1692.33,808.78,1524.68,583.18,1165.90,1513.08,670.08,816.55,14.28,167.00,1461.30,1317.68,885.21,1453.69,915.94,1252.87,1656.84,730.73,1063.16,1004.18,683.15,986.66,793.60,323.85,486.93,1122.29,1279.71,1132.43,755.64,1190.19,681.80,550.40,829.35,1272.48,586.48
77,781.00,646.89,1722.31,836.74,1555.45,607.25,1196.31,1544.16,697.44,844.24,19.00,181.40,1491.27,1342.91,909.91,1484.21,941.19,1277.30,1684.82,759.36,1084.71,1031.60,699.74,1011.79,821.76,341.90,511.75,1150.22,1304.74,1158.91,784.95,1214.88,708.20,574.46,859.13,1294.87,609.91
78,807.19,674.46,1753.03,865.24,1586.52,630.33,1226.55,1575.45,724.33,872.89,24.97,196.28,1520.79,1368.56,934.41,1515.25,965.79,1303.15,1713.34,788.23,1106.04,1059.23,716.38,1037.97,850.67,359.93,537.48,1178.42,1330.56,1185.55,814.14,1239.67,734.58,597.67,889.71,1316.87,633.38
79,833.88,703.70,1784.23,894.32,1618.02,654.21,1256.96,1606.43,752.06,903.39,31.32,212.31,1550.62,1394.36,959.34,1546.88,991.19,1329.03,1741.97,817.70,1127.21,1088.01,733.59,1063.89,880.49,379.31,564.40,1207.27,1356.33,1212.14,845.47,1264.98,762.35,622.60,921.51,1339.46,657.12
80,861.35,733.32,1815.63,925.13,1649.97,678.74,1288.20,1637.87,780.86,934.66,37.05,227.98,1581.45,1419.83,985.54,1578.92,1017.69,1355.56,1771.65,847.77,1148.88,1117.01,750.78,1090.94,911.39,399.78,592.90,1237.30,1382.48,1239.48,877.99,1290.72,791.23,647.96,954.41,1361.91,682.64
81,889.32,764.41,1846.88,956.21,1682.02,704.66,1319.63,1669.43,809.82,966.45,43.88,244.19,1612.73,1445.31,1012.24,1610.39,1044.51,1382.46,1801.73,878.45,1170.80,1147.71,767.94,1118.06,942.28,419.36,621.15,1266.88,1409.58,1267.28,911.09,1316.69,821.28,674.15,987.51,1384.27,707.80
82,918.58,795.27,1878.18,987.98,1714.42,730.41,1352.02,1700.51,841.12,998.82,50.70,260.53,1643.66,1471.31,1039.40,1642.35,1071.24,1409.61,1831.11,909.63,1193.43,1179.14,784.92,1145.61,974.60,439.38,651.28,1297.53,1436.36,1295.32,944.90,1343.79,852.43,702.79,1021.49,1407.29,734.78
83,947.24,827.72,1910.33,1020.25,1746.70,756.66,1384.09,1732.45,871.62,1031.20,57.92,277.34,1674.58,1498.58,1066.61,1674.46,1099.21,1437.29,1860.53,941.50,1216.10,1210.24,802.68,1173.94,1007.64,459.25,682.68,1328.60,1463.46,1324.50,979.14,1371.32,883.55,730.24,1056.29,1430.56,761.85
84,976.72,859.69,1942.70,1053.50,1779.87,783.41,1416.33,1765.14,903.64,1065.26,65.67,294.27,1706.11,1526.16,1093.90,1707.07,1127.01,1465.21,1890.73,973.78,1237.98,1241.52,821.16,1202.16,1040.48,479.53,714.40,1359.73,1491.78,1353.04,1014.07,1398.54,915.27,759.05,1091.37,1454.06,790.02
85,1006.01,892.76,1975.67,1087.31,1812.21,810.33,1449.03,1797.60,937.91,1098.97,73.39,312.55,1737.91,1552.34,1120.58,1739.59,1154.58,1493.36,1920.66,1006.46,1260.91,1273.12,839.38,1230.19,1073.68,501.36,746.90,1391.30,1519.60,1382.59,1049.00,1426.14,946.99,788.95,1127.00,1477.83,817.95
86,1036.15,926.45,2008.12,1121.77,1845.90,837.15,1481.70,1830.60,971.32,1133.55,80.84,330.76,1769.91,1579.24,1148.35,1771.96,1182.56,1521.56,1950.41,1039.28,1284.39,1304.74,858.93,1258.31,1107.95,523.31,778.72,1422.72,1546.78,1412.63,1084.00,1453.74,978.99,817.21,1163.58,1502.01,846.73
87,1066.96,959.73,2040.17,1156.94,1879.04,864.80,1516.00,1863.95,1004.03,1166.93,89.06,348.55,1802.33,1606.92,1177.21,1805.09,1211.24,1550.23,1980.68,1072.33,1308.36,1336.96,878.71,1287.69,1141.86,545.03,810.92,1455.14,1574.26,1442.08,1117.76,1482.02,1010.76,846.69,1199.41,1526.42,875.39
88,1098.29,992.25,2072.89,1191.07,1912.82,894.07,1550.46,1898.76,1037.82,1200.18,98.01,366.05,1835.26,1635.75,1206.35,1839.63,1241.39,1579.90,2011.78,1106.35,1332.74,1370.43,898.11,1317.67,1176.04,566.95,843.30,1487.77,1603.49,1471.96,1151.66,1510.99,1042.49,875.05,1235.56,1550.62,903.46
89,1129.82,1026.70,2104.81,1226.88,1946.90,924.27,1586.00,1932.78,1070.78,1234.93,108.23,384.57,1868.14,1664.23,1236.67,1873.72,1271.84,1608.95,2041.86,1141.37,1357.31,1404.41,917.99,1347.95,1210.93,590.98,876.87,1521.65,1632.54,1502.64,1187.26,1540.33,1075.47,903.91,1272.61,1574.82,931.89
90,1161.66,1061.36,2136.76,1263.36,1980.50,954.65,1620.35,1965.84,1105.14,1270.30,118.23,403.66,1900.69,1691.90,1266.81,1907.05,1301.87,1637.46,2072.49,1176.77,1382.23,1437.08,937.83,1377.80,1245.88,615.63,910.19,1554.38,1660.82,1534.59,1223.91,1569.07,1108.00,934.10,1309.99,1599.25,961.36
91,1193.21,1095.60,2169.66,1299.22,2014.66,985.18,1654.26,1998.78,1140.43,1304.93,128.63,422.78,1932.79,1720.02,1295.99,1940.03,1331.92,1665.58,2102.71,1211.72,1406.63,1469.43,957.85,1407.35,1280.93,641.55,943.51,1586.78,1688.90,1565.43,1260.15,1597.98,1140.08,965.98,1346.94,1624.13,990.96
92,1224.14,1129.29,2202.63,1334.72,2048.18,1016.05,1688.04,2031.86,1174.27,1338.55,138.98,441.69,1964.91,1748.67,1326.06,1973.07,1362.44,1693.93,2133.49,1246.14,1431.51,1502.11,978.40,1437.28,1314.81,666.12,976.04,1619.26,1717.13,1596.50,1295.94,1626.65,1172.05,995.23,1383.54,1648.36,1019.75
93,1255.61,1163.84,2235.35,1369.14,2081.97,1047.05,1722.72,2065.40,1207.66,1372.24,148.98,460.07,1997.24,1776.74,1356.86,2006.87,1392.67,1722.58,2164.41,1280.57,1456.69,1535.73,998.97,1466.86,1349.24,690.74,1009.22,1652.84,1745.86,1627.02,1331.51,1655.46,1204.28,1024.54,1420.21,1673.54,1049.18
94,1287.56,1198.55,2268.72,1404.27,2115.64,1078.80,1757.44,2098.86,1241.54,1406.39,159.15,479.55,2029.61,1804.81,1387.09,2040.11,1423.37,1752.51,2196.31,1316.24,1482.27,1570.21,1019.63,1497.23,1383.79,714.91,1043.75,1686.51,1775.06,1658.48,1366.77,1684.94,1236.96,1056.25,1457.28,1698.49,1079.58
95,1319.46,1234.07,2301.39,1439.72,2150.17,1110.97,1792.87,2131.98,1275.52,1440.81,170.12,501.38,2062.41,1833.48,1417.73,2073.78,1453.85,1782.38,2228.24,1351.84,1507.44,1604.34,1040.03,1528.68,1419.79,740.61,1078.98,1720.41,1804.83,1690.34,1402.27,1715.27,1269.83,1086.18,1495.63,1724.04,1109.91
96,1351.94,1270.85,2335.11,1476.49,2184.55,1144.02,1828.30,2165.79,1311.05,1476.35,182.17,524.33,2095.21,1861.88,1447.94,2108.02,1484.48,1811.75,2259.97,1388.36,1533.12,1638.99,1061.08,1559.75,1456.09,768.14,1115.76,1754.88,1834.51,1722.73,1439.44,1745.46,1304.11,1116.78,1534.50,1749.34,1140.25
97,1384.64,1307.69,2369.34,1513.36,2219.17,1176.92,1863.45,2201.04,1347.43,1512.50,194.55,546.30,2128.43,1890.30,1478.48,2143.89,1515.33,1841.55,2291.49,1425.81,1559.19,1672.92,1082.03,1590.63,1493.09,795.51,1153.93,1788.20,1864.63,1754.91,1476.87,1775.24,1337.63,1148.66,1573.23,1775.33,1171.46
98,1417.50,1345.35,2403.41,1549.96,2254.33,1207.89,1899.75,2235.33,1383.93,1549.60,208.32,569.25,2161.68,1918.73,1509.19,2177.85,1546.06,1870.60,2322.97,1462.63,1584.59,1707.65,1102.94,1621.58,1530.35,823.36,1192.05,1822.65,1894.28,1786.50,1515.70,1805.00,1372.06,1181.45,1612.03,1801.94,1203.60
99,1450.24,1382.59,2436.99,1588.08,2289.54,1238.19,1934.88,2269.98,1420.63,1587.54,222.40,591.70,2195.06,1947.66,1538.35,2213.06,1575.61,1900.47,2354.72,1498.55,1610.49,1741.90,1124.30,1652.00,1568.83,850.83,1230.43,1855.98,1923.11,1818.46,1554.32,1835.09,1406.26,1213.64,1652.40,1828.17,1235.55
100,1483.71,1418.73,2470.87,1626.79,2324.47,1268.99,1971.01,2304.92,1458.23,1625.81,235.88,614.72,2228.96,1976.94,1567.78,2249.06,1605.69,1931.60,2387.00,1534.35,1635.92,1777.80,1145.68,1683.12,1606.69,875.96,1267.55,1890.53,1953.79,1849.82,1592.72,1864.16,1441.91,1247.31,1691.77,1854.67,1267.89
101,1517.85,1455.87,2505.09,1664.87,2360.37,1300.02,2007.62,2339.19,1496.43,1664.16,249.56,638.75,2263.23,2006.59,1598.44,2284.08,1636.62,1962.47,2419.67,1570.02,1661.20,1813.33,1167.54,1714.79,1644.55,901.66,1304.87,1925.85,1985.37,1883.02,1631.65,1894.25,1478.24,1281.48,1731.90,1880.72,1299.96
102,1551.45,1493.18,2539.19,1702.97,2395.30,1331.94,2043.40,2374.27,1534.45,1701.33,264.79,663.11,2297.06,2036.42,1628.90,2319.73,1666.69,1992.49,2451.40,1606.49,1686.72,1849.11,1189.49,1746.11,1682.32,927.83,1342.05,1960.80,2015.95,1916.48,1668.91,1925.16,1514.41,1315.15,1771.42,1906.61,1332.44
103,1584.57,1530.82,2573.37,1740.74,2430.35,1364.33,2079.31,2409.54,1572.22,1737.25,280.19,687.06,2331.41,2065.84,1659.90,2355.73,1698.09,2022.81,2484.17,1643.11,1713.37,1884.83,1211.58,1777.63,1719.36,955.30,1379.57,1995.78,2046.90,1949.03,1706.60,1955.64,1550.31,1347.94,1810.79,1933.10,1363.18
104,1618.24,1569.82,2607.50,1777.62,2465.69,1398.06,2116.55,2444.58,1609.20,1773.81,296.36,711.63,2365.49,2096.29,1691.56,2391.19,1730.36,2053.44,2516.62,1681.03,1739.84,1922.08,1234.34,1808.85,1757.54,982.58,1418.22,2031.21,2078.17,1982.46,1745.93,1986.43,1585.88,1379.01,1851.32,1960.19,1394.82
105,1653.57,1608.92,2642.52,1816.99,2501.35,1431.74,2154.27,2480.25,1647.25,1811.94,312.33,737.13,2399.54,2127.84,1724.65,2427.67,1761.79,2084.94,2549.32,1719.16,1766.67,1960.03,1257.60,1841.07,1796.68,1009.40,1456.34,2067.26,2109.59,2017.23,1785.93,2017.00,1621.88,1411.76,1892.67,1987.85,1428.75
106,1690.05,1647.56,2677.40,1856.68,2537.38,1465.36,2192.84,2517.17,1686.09,1851.32,329.56,763.63,2434.99,2159.06,1758.49,2465.84,1795.32,2117.71,2582.69,1757.49,1794.12,1998.70,1281.00,1873.30,1835.27,1036.83,1494.71,2103.59,2141.94,2052.25,1825.98,2048.02,1658.73,1444.69,1933.54,2015.15,1462.82
107,1726.00,1687.80,2712.77,1897.01,2574.28,1500.72,2232.67,2554.13,1726.43,1890.84,346.46,792.25,2470.41,2191.24,1792.58,2503.25,1828.42,2150.49,2615.82,1796.76,1821.77,2037.02,1304.02,1906.13,1874.65,1066.26,1533.63,2141.07,2174.56,2087.79,1867.67,2079.47,1696.18,1479.21,1975.31,2042.54,1496.68
108,1763.28,1728.47,2747.89,1936.26,2610.95,1536.02,2272.41,2590.48,1766.39,1931.11,364.09,822.20,2505.43,2222.66,1826.56,2539.84,1861.42,2182.89,2649.14,1836.64,1849.39,2076.09,1326.95,1939.46,1914.67,1098.23,1572.96,2178.47,2206.98,2123.61,1909.72,2111.56,1733.80,1513.76,2017.39,2069.88,1531.46
109,1799.87,1768.83,2783.66,1976.39,2646.93,1570.65,2311.93,2627.31,1806.23,1971.09,382.87,853.53,2540.91,2253.86,1859.18,2575.84,1894.14,2214.17,2682.34,1876.26,1876.79,2115.16,1350.93,1972.84,1954.76,1130.25,1612.54,2215.85,2239.36,2159.95,1951.58,2143.99,1771.70,1549.24,2059.47,2097.68,1566.37
110,1836.40,1809.23,2819.06,2017.29,2682.96,1604.58,2350.19,2663.91,1846.02,2011.01,402.39,885.22,2576.54,2284.69,1892.22,2612.82,1926.99,2245.49,2716.29,1916.31,1904.37,2153.19,1373.90,2006.06,1994.88,1161.62,1653.49,2252.45,2271.53,2195.38,1992.34,2176.30,1810.03,1583.93,2101.90,2125.02,1601.73
111,1872.87,1849.85,2855.54,2058.65,2720.24,1638.31,2388.04,2701.08,1887.36,2051.43,421.57,916.03,2612.64,2316.12,1925.33,2649.80,1960.29,2277.72,2750.24,1956.31,1931.44,2190.79,1397.57,2039.18,2035.64,1191.74,1694.16,2289.03,2304.11,2230.26,2033.77,2208.90,1848.90,1619.81,2145.07,2152.59,1636.59
112,1908.68,1890.40,2891.47,2100.31,2756.91,1672.66,2425.97,2738.00,1929.18,2091.49,440.05,948.67,2648.26,2348.37,1958.80,2686.60,1993.22,2310.30,2784.22,1995.76,1959.59,2229.14,1421.54,2072.16,2076.91,1222.47,1734.69,2325.71,2336.43,2265.38,2075.37,2241.38,1887.82,1657.57,2188.32,2180.29,1671.38
113,1945.58,1930.61,2927.42,2141.25,2794.79,1707.59,2464.10,2774.92,1970.50,2131.05,457.27,980.72,2684.71,2380.12,1992.15,2723.19,2026.35,2342.98,2818.50,2035.01,1987.52,2267.39,1445.94,2105.34,2117.41,1252.79,1775.02,2362.61,2369.35,2300.49,2116.16,2273.55,1926.89,1693.12,2231.15,2209.43,1706.16
114,1982.58,1970.64,2963.92,2182.06,2832.22,1742.21,2502.58,2812.07,2010.36,2170.15,475.29,1012.31,2721.29,2411.89,2025.83,2760.21,2059.63,2375.66,2853.07,2075.24,2015.87,2306.62,1470.41,2138.32,2157.97,1281.26,1815.10,2399.68,2402.13,2336.58,2157.33,2305.22,1964.54,1728.69,2273.70,2237.68,1740.84
115,2020.44,2011.23,2999.84,2222.87,2870.38,1776.76,2541.91,2849.97,2050.24,2210.90,493.26,1042.84,2757.99,2443.91,2059.77,2797.99,2092.76,2408.39,2887.57,2114.52,2044.40,2345.67,1495.01,2171.85,2198.99,1310.26,1855.87,2437.06,2434.88,2372.24,2198.97,2337.81,2003.04,1763.21,2316.47,2266.38,1777.08
116,2056.84,2052.14,3035.87,2263.20,2908.38,1812.29,2581.43,2887.03,2091.08,2251.71,511.03,1073.62,2794.11,2475.63,2093.98,2834.84,2126.71,2441.42,2921.35,2153.87,2073.00,2384.49,1520.01,2206.25,2240.41,1340.93,1896.14,2474.69,2468.06,2408.43,2241.14,2370.95,2041.79,1798.38,2359.44,2295.65,1812.29
117,2092.82,2092.45,3072.02,2304.48,2945.59,1846.82,2620.82,2924.36,2132.08,2290.79,528.76,1104.93,2830.06,2508.53,2128.39,2872.25,2161.04,2474.39,2955.23,2193.89,2101.80,2423.47,1545.13,2240.40,2281.88,1371.15,1935.72,2512.22,2501.16,2444.05,2283.14,2404.11,2079.82,1833.69,2402.41,2324.20,1847.51
118,2129.61,2132.31,3109.10,2345.31,2982.85,1881.20,2660.45,2962.84,2172.54,2330.00,547.69,1136.24,2866.66,2541.25,2163.28,2910.62,2194.91,2507.56,2990.06,2234.49,2130.50,2462.45,1570.18,2274.63,2322.68,1401.08,1975.22,2550.34,2534.38,2480.24,2323.26,2437.23,2118.09,1868.69,2444.81,2352.52,1882.85
119,2166.44,2173.10,3146.48,2386.18,3020.80,1915.63,2699.95,3000.26,2213.65,2370.12,568.61,1169.90,2903.21,2574.82,2197.99,2948.32,2230.01,2541.53,3025.16,2275.09,2159.58,2502.67,1594.90,2309.80,2364.51,1430.98,2016.59,2588.82,2568.21,2516.06,2363.71,2471.23,2157.32,1903.43,2488.06,2381.57,1917.44
120,2204.66,2214.60,3182.96,2427.37,3058.50,1950.30,2740.65,3037.24,2254.19,2411.18,589.84,1204.93,2939.74,2608.25,2233.33,2985.54,2264.88,2574.80,3060.14,2316.52,2188.75,2542.80,1619.99,2344.63,2406.60,1460.33,2058.76,2627.75,2602.03,2552.42,2405.97,2505.23,2197.04,1936.56,2532.29,2411.82,1953.78
121,2242.76,2256.48,3219.63,2470.49,3095.10,1985.18,2780.78,3074.16,2296.89,2452.01,609.62,1239.52,2975.92,2641.63,2267.18,3022.78,2298.88,2608.73,3095.32,2357.24,2218.52,2583.58,1645.06,2379.28,2447.42,1489.51,2101.21,2666.08,2635.88,2589.58,2447.04,2538.54,2236.57,1968.98,2575.72,2441.40,1991.18
