,name,acisID,icao,longitude,latitude,elev_ft,valid_avgT_start,valid_avgT_end,valid_snowdepth_start,valid_snowdepth_end
0,ADAK AP,20427,PADK,-176.64999,51.88333,17.0,1942-10-01,2025-03-16,1942-11-01,1996-03-31
1,AKHIOK,106217,PAKH,-154.18333,56.93333,43.0,2022-10-20,2025-01-28,,
2,AKUTAN,21171,,-165.76666,54.13333,,1986-01-01,1990-02-22,1986-01-01,1990-02-22
3,ALASKA PACIFIC UNIVERSITY,21216,,-149.80556,61.18889,220.0,1993-07-01,2004-10-31,1993-07-01,2004-10-31
4,ALCAN HWY MI-1244 ALASKA,65647,,-141.46671,62.8167,1800.0,1990-06-18,2023-12-02,,
5,ALEKNAGIK 1 NNE,93859,,-158.6145,59.284,80.0,2019-10-11,2025-03-17,,
6,ALEXANDER LAKE,77630,,-150.89,61.75,160.0,2014-10-05,2025-03-15,,
7,ALPINE,67802,,-150.92821,70.3463,17.0,2011-01-01,2025-03-17,2011-01-01,2025-03-17
8,ALPINE CREEK LODGE,63988,,-147.24789,63.0429,3100.0,2004-06-24,2017-05-29,2005-09-13,2017-05-31
9,ALYESKA,20684,,-149.11079,60.9583,272.0,1963-11-07,2025-03-17,1963-11-07,2025-03-17
10,AMBER LAKE,33761,,-150.5033,62.1925,449.0,2001-03-01,2025-03-16,2001-03-22,2025-03-16
11,AMBLER,21170,,-157.85001,67.08333,120.0,1994-08-01,2017-12-19,1994-08-01,1995-10-31
12,AMBLER WEST,21040,,-157.86667,67.08333,120.0,1981-12-01,1992-03-31,1981-12-01,1992-03-31
13,AMCHITKA,20418,,179.28333,51.38333,223.0,1943-02-01,1993-08-31,1943-11-01,1993-08-31
14,AMERICAN CREEK,77590,,-141.23,64.79,1050.0,2011-08-15,2025-03-15,,
15,ANAKTUVUK AUTO,21055,PAKP,-151.76666,68.16667,2100.0,1953-07-11,2023-07-13,1953-07-09,1973-05-31
16,ANCHOR POINT 4 SE,31592,,-151.75444,59.74667,169.0,2002-10-21,2012-08-20,,
17,ANCHOR POINT-RIVER,21175,,-151.8364,59.77222,33.0,2003-04-18,2009-09-03,2003-05-04,2006-04-22
18,ANCHOR RIVER DIVIDE,77638,,-151.32001,59.86,1653.0,2004-06-18,2025-03-15,,
19,ANCHORAGE 5SE,34690,,-149.80722,61.16056,201.0,2007-01-23,2008-10-31,2007-01-23,2008-10-31
20,ANCHORAGE ARCTIC & INTERNATIONAL,32417,,-149.905,61.17472,117.0,2005-08-01,2009-10-25,2005-08-01,2009-10-31
21,ANCHORAGE CHESTER CREEK,31847,,-149.91055,61.20444,35.0,2004-07-01,2004-10-31,2004-07-01,2004-10-31
22,ANCHORAGE ELMENDORF AFB,20725,PAED,-149.79361,61.25306,212.0,1947-01-14,1997-09-30,1947-01-14,1997-09-30
23,ANCHORAGE FORECAST OFFICE,29119,,-149.9847,61.1561,131.0,1998-02-01,2025-03-16,1998-02-01,2025-03-16
24,ANCHORAGE HILLSIDE,77622,,-149.67,61.11,2080.0,2005-06-22,2025-03-15,,
25,ANCHORAGE HILLSIDE,21217,,-149.73334,61.11667,1000.0,1993-07-01,2014-05-21,1993-07-01,2014-04-08
26,ANCHORAGE LAKE HOOD SEA PLANE BASE,30951,PALH,-149.96509,61.1786,82.0,1998-02-01,2025-03-16,,
27,ANCHORAGE MERRILL FIELD,20717,PAMR,-149.85724,61.2163,126.0,1914-11-01,2025-03-16,1916-02-16,2005-02-20
28,ANCHORAGE MIDTOWN,31085,,-149.88583,61.19389,82.0,2000-10-12,2009-03-22,2000-10-12,2009-03-31
29,ANCHORAGE RABBIT CREEK #2,33105,,-149.7561,61.0882,913.0,2006-07-01,2021-01-03,2006-07-01,2021-01-03
30,ANCHORAGE TED STEVENS INTERNATIONAL AIRPORT,20705,PANC,-150.02771,61.16916,125.0,1952-04-01,2025-03-16,1953-02-01,2025-03-16
31,ANCHORAGE UPPER DEARMOUN,32955,,-149.7169,61.1025,1335.0,2005-12-01,2025-03-14,2005-12-01,2025-03-14
32,ANDERSON LAKE,20764,,-149.33971,61.6244,470.0,1971-01-29,2010-02-28,1971-01-29,2010-02-28
33,ANGEL CREEK ALASKA,65649,,-146.228,65.02,1100.0,1999-07-07,2025-03-16,,
34,ANGOON,20529,PAGN,-134.5864,57.49889,28.0,1932-04-01,2011-02-28,1932-04-01,2011-02-28
35,ANIAK AIRPORT,20756,PANI,-159.54305,61.58159,85.0,1920-11-08,2025-03-16,1920-08-01,1990-03-31
36,ANNETTE AIRPORT,20462,PANT,-131.5787,55.0389,109.0,1941-01-16,2019-10-01,1941-01-01,2018-04-30
37,ANNEX CREEK,20558,,-134.1003,58.3183,92.0,1917-01-01,2025-03-17,1917-01-01,2025-03-17
38,ANVIK AIRPORT,32033,PANV,-160.18333,62.65,88.0,2019-05-21,2025-03-16,,
39,ARCTIC VILLAGE,33129,PARC,-145.57944,68.11472,2092.0,2024-09-18,2025-03-16,,
40,ARCTIC VILLAGE,21053,,-145.53333,68.11667,2080.0,1962-08-24,1996-09-30,1962-08-01,1996-09-30
41,ASIK ALASKA,83084,,-162.2664,67.475,1329.0,2012-09-04,2025-03-16,,
42,ATIGUN PASS,77625,,-149.48,68.13,4800.0,2006-09-30,2025-03-15,,
43,ATKA AP,20431,PAAK,-174.20612,52.22028,56.0,1916-10-01,2025-03-16,1917-05-01,1949-10-31
44,ATTU,20441,PAAT,173.18333,52.83333,70.0,1917-07-01,1993-08-31,1917-11-14,1993-08-31
45,AUKE BAY,20560,,-134.645,58.3814,44.0,1963-02-01,2025-01-31,1963-02-01,2025-01-31
46,AURORA,31749,,-147.7216,64.8552,443.0,2002-10-17,2025-03-16,2002-10-17,2025-03-16
47,Anchorage Area,32645,,,,,1953-11-01,2025-03-16,1953-11-01,2025-03-16
48,Annette Area,32647,,,,,1941-01-16,2019-10-01,1941-01-01,2018-04-30
49,BARROW AIRPORT,21127,PABR,-156.73938,71.28703,27.0,1901-09-01,2025-03-16,1901-09-01,2025-02-24
50,BARROW ERL,94509,,-156.61227,71.32431,15.0,2018-12-11,2025-03-17,2019-03-05,2021-12-16
51,BARTER ISLAND WSO AP,21093,PABA,-143.57693,70.13389,2.0,1947-09-23,2025-03-16,1948-09-01,1988-12-31
52,BEAR MTN. ALASKA,65654,,-142.76939,66.0594,1925.0,1990-08-06,2003-07-29,,
53,BEAVER,21016,,-147.40138,66.35972,355.0,1996-12-01,2000-11-30,1971-06-29,2000-11-27
54,BEAVER (WBQ) ALASKA,65657,,-146.51669,66.2667,483.0,1990-05-29,2022-11-27,,
55,BEAVER FALLS,20473,,-131.69691,55.3574,35.0,1948-05-07,2017-12-02,1948-05-07,2010-12-31
56,BELUGA,20707,,-151.03333,61.18333,75.0,1973-08-01,1992-06-30,1973-08-01,1992-06-30
57,BEN CREEK ALASKA,65655,,-143.0667,65.2833,1850.0,1990-05-09,2023-12-12,,
58,BEN'S FARM,20752,,-149.15421,61.5632,127.0,1969-05-07,2025-01-31,1969-05-01,2002-08-31
59,BENTALIT ALASKA,65661,,-150.98579,61.9358,150.0,1999-07-13,2025-03-16,,
60,BENTALIT LODGE,77632,,-150.98,61.94,150.0,2006-01-14,2013-06-27,,
61,BERING GLACIER ALASKA,65656,,-143.28329,60.1186,75.0,1998-04-27,2015-06-24,,
62,BETHEL 87 WNW,85579,,-164.0769,61.3465,153.0,2018-08-18,2025-03-17,,
63,BETHEL AIRPORT,20674,PABE,-161.82932,60.78497,107.0,1923-08-01,2025-03-16,1923-09-01,2020-04-30
64,BETTLES,21031,,-151.5,66.93333,600.0,2002-09-24,2010-09-26,2002-09-24,2009-10-05
65,BETTLES AIRPORT,21030,PABT,-151.51892,66.91764,645.0,1951-05-01,2025-03-16,1951-05-01,2025-03-16
66,BETTLES FIELD,77641,,-151.53,66.92,640.0,2001-07-10,2025-03-15,,
67,BIG BAY RANGER STATION,21209,,-152.60806,58.55194,28.0,1991-08-01,2000-09-30,1991-08-01,2000-09-30
68,BIG DELTA AIRPORT,20905,PABI,-145.72134,63.99312,1273.0,1919-04-06,2025-03-16,1917-06-01,1997-12-14
69,BIG LAKE ALASKA,65658,,-149.90781,61.5183,100.0,2000-04-28,2025-03-16,,
70,BIG RIVER LAKES,450,PALV,-152.29694,60.81417,60.0,1978-01-01,2010-11-30,1978-01-01,2010-11-30
71,BIRCH CREEK ALASKA,65653,,-144.3636,65.5847,850.0,1998-07-25,2025-03-16,,
72,BLACK CAPE ALASKA,65652,,-152.8864,58.4067,75.0,2001-07-23,2015-09-28,,
73,BLASHKE ISLAND,31240,,-132.9016,56.1172,13.0,2001-07-01,2013-01-31,2001-07-01,2013-01-31
74,BOB BARKER MEMORIAL AIRPORT,79421,PAIK,-160.433,66.983,168.0,2017-07-07,2025-03-16,,
75,BOLIO ALASKA,82942,,-145.8333,63.8667,2450.0,2004-12-05,2025-03-16,,
76,BOOTH LAKE ALASKA,65663,,-154.565,57.2678,171.0,1995-07-24,2015-09-28,,
77,BOX RIVER ALASKA,83073,,-158.9053,65.2989,1150.0,2012-06-22,2025-03-16,,
78,BREVIG MISSION AIRPORT,106226,PFKT,-166.46666,65.33334,35.0,2018-02-04,2025-03-16,,
79,BROADVIEW ALASKA,65665,,-149.76669,60.4833,625.0,1989-09-25,2025-03-16,,
80,BROOKS RIVER,20571,,-155.78333,58.55,43.0,1967-07-03,1990-08-31,1967-07-01,1990-08-31
81,BUCKLAND,28873,,-161.11221,65.97778,30.0,2006-05-28,2006-09-09,2006-06-01,2006-08-15
82,BUCKLAND AIRPORT,32034,PABL,-161.13333,65.98333,30.0,2024-06-04,2025-03-06,,
83,BUCKLAND UPLANDS ALASKA,83161,,-160.87421,65.9081,400.0,2012-07-18,2025-03-16,,
84,BUTTE 1W,33754,,-149.05611,61.5379,88.0,2007-10-01,2013-07-31,2007-10-01,2013-05-31
85,BUTTE 3NNE,31467,,-149.00549,61.5836,246.0,2002-12-01,2011-04-30,2002-12-01,2011-04-30
86,Barrow Area,32673,,,,,1920-10-01,2025-03-16,1920-10-01,2025-02-24
87,Bethel Area,32657,,,,,1923-08-01,2025-03-16,1923-09-01,2020-04-30
88,Bettles Area,32675,,,,,1944-05-01,2025-03-16,1944-05-01,2025-03-16
89,CAMP TOGOWOODS,31277,,-149.75722,61.495,140.0,2001-10-01,2007-09-30,2001-10-01,2007-09-30
90,CAMPBELL CREEK ALASKA,82810,,-149.79671,61.1586,157.0,2007-12-04,2025-03-16,,
91,CAMPBELL CREEK SCIENCE CENTER,31086,,-149.77769,61.1638,258.0,2000-05-01,2025-03-14,2000-05-01,2025-03-14
92,CANNERY CREEK,20685,,-147.51469,61.0183,85.0,1979-05-01,2025-02-28,1979-05-01,2025-02-28
93,CANTWELL 2 E,21138,,-148.895,63.3952,2132.0,1983-11-01,2011-08-26,1983-11-01,2011-08-26
94,CANTWELL 4E,32628,,-148.8441,63.3724,2262.0,2005-11-01,2013-11-12,2005-11-01,2012-01-09
95,CANYON ISLAND,20566,,-133.67889,58.55,20.0,1935-10-01,2017-12-19,1935-10-01,2017-12-19
96,CAPE KIAVAK ALASKA,65668,,-153.5417,56.9992,100.0,2001-07-23,2015-09-03,,
97,CARIBOU PEAK ALASKA,65671,,-147.50031,65.1892,1575.0,1990-06-04,2025-03-16,,
98,CASWELL 5 N,28827,,-150.05943,61.97361,250.0,1996-08-01,1998-04-30,1996-08-01,1998-04-30
99,CENTRAL NO 2,29820,PACE,-144.7653,65.5667,920.0,1905-05-14,2011-06-02,1905-10-01,2011-06-02
100,CHALKYITSIK ALASKA,65676,,-144.34109,66.5906,450.0,1997-06-20,2023-12-18,,
101,CHANDALAR LAKE,29819,PALR,-148.49249,67.5111,1895.0,1963-06-17,2011-06-15,1963-06-17,2011-10-28
102,CHANDALAR SHELF DOT,31087,,-149.5647,68.0781,3250.0,2000-05-01,2019-07-14,2000-05-01,2013-11-01
103,CHATANIKA ALASKA,65672,,-148.5833,65.0167,1450.0,1990-05-18,2025-03-16,,
104,CHELATNA LAKE,21202,,-151.40916,62.43389,1400.0,2003-04-02,2016-05-29,2003-04-21,2013-05-19
105,CHENA HOT SPRINGS RESORT,20968,,-146.05611,65.0528,1185.0,1962-08-20,2011-11-30,1962-08-01,2011-08-05
106,CHENA RIDGE,29432,,-147.85249,64.83,1117.0,1999-04-01,2013-03-25,1999-04-01,2013-03-25
107,CHEVAK AIRPORT,106222,PAVA,-165.58333,61.53333,75.0,2018-02-04,2025-03-16,,
108,CHICKEN,20909,,-141.9211,64.0917,1800.0,1953-04-22,2025-03-17,1911-11-03,2025-03-17
109,CHICKEN ALASKA,65680,,-141.9294,64.06,2860.0,1998-09-10,2024-11-16,,
110,CHICKEN CREEK ALASKA,82772,,-141.84531,62.1242,5240.0,2004-08-21,2025-03-16,,
111,CHIEF COVE ALASKA,65674,,-153.9325,57.7294,150.0,2001-07-24,2015-09-28,,
112,CHIGMIT MTNS ALASKA,82713,,-153.4664,60.2233,4500.0,2009-06-30,2025-03-16,,
113,CHIGNIK AP,33047,PAJC,-158.37306,56.31139,18.0,2025-02-12,2025-03-15,,
114,CHIMNEY LAKE ALASKA,82785,,-150.4933,67.7558,3100.0,2013-04-06,2025-03-16,,
115,CHINIAK,21210,,-152.36444,57.61528,157.0,1991-08-02,2000-12-31,1991-08-01,2000-12-31
116,CHISANA,77592,,-142.05,62.07,3320.0,2008-07-16,2025-03-15,,
117,CHISANA ALASKA,65675,,-142.0833,62.1333,3318.0,1992-06-20,2023-12-31,,
118,CHISTOCHINA 4 NNE,31447,,-144.61555,62.6125,1945.0,2002-10-01,2004-05-09,2002-10-01,2004-05-09
119,CHISTOCHINA ALASKA,65678,,-144.6647,62.5653,2300.0,2001-06-05,2025-03-16,,
120,CHITINA,20741,,-144.4407,61.5223,643.0,1917-03-01,2012-11-14,1917-03-01,2012-11-14
121,CHITNA ALASKA,65679,,-144.4397,61.5319,581.0,1998-10-26,2025-03-16,,
122,CHULITNA RIVER,20857,,-149.9061,62.8255,1354.0,1971-01-29,2022-04-29,1971-01-29,2022-04-29
123,CIRCLE CITY,21004,PACR,-144.06667,65.83333,598.0,1900-07-01,1999-10-15,1900-08-01,1999-10-15
124,CIRCLE HOT SPRINGS,20990,,-144.6422,65.4939,860.0,1935-07-01,2025-03-17,1935-08-01,2025-03-17
125,CLARKS POINT,106224,PFCL,-158.53333,58.83333,79.0,2019-08-07,2025-02-20,,
126,CLEAR 4 N,20920,,-149.04361,64.35472,495.0,1965-12-08,1991-08-31,1965-12-08,1997-12-30
127,CLEAR SKY,35068,,-149.1828,64.2452,646.0,2009-10-10,2021-07-02,2009-10-10,2021-07-02
128,CLEARWATER,20910,,-145.51666,64.05,1100.0,1964-10-01,1994-08-31,1964-10-01,1994-08-31
129,COAL CREEK ALASKA,82742,,-143.1322,65.3139,870.0,2004-11-05,2025-03-16,,
130,COFFMAN COVE,20489,,-132.83333,56.0,10.0,1970-10-02,2018-03-31,1970-10-02,2018-03-31
131,COLD BAY AIRPORT,20468,PACD,-162.7323,55.22068,72.0,1950-03-02,2025-03-16,1950-03-02,2020-04-30
132,COLDFOOT,21220,,-150.1875,67.2539,1050.0,1993-09-01,1995-03-31,1993-09-01,2000-04-30
133,COLDFOOT,77637,,-150.17999,67.25,1040.0,1995-07-25,2025-03-15,,
134,COLDFOOT AIRPORT,106213,PACX,-150.2038,67.252,1042.0,2023-09-24,2025-03-16,,
135,COLLEGE 3NNW,31882,,-147.84528,64.89222,843.0,2004-09-01,2009-02-28,2004-09-01,2009-02-28
136,COLLEGE 4 WSW,33728,,-147.95889,64.8264,897.0,2009-03-01,2010-03-08,2007-10-01,2010-03-08
137,COLLEGE 5 NW,20960,,-147.88028,64.925,978.0,1976-08-01,2013-12-06,1976-08-01,2013-12-06
138,COLLEGE OBSERVATORY,20958,,-147.8484,64.8603,597.0,1948-05-16,2025-03-16,1948-06-01,2025-03-16
139,COLVILLE VILLAGE,28874,,-150.40939,70.4322,5.0,1996-12-01,2019-11-04,1996-12-01,2019-11-04
140,COOPER LAKE,77616,,-149.69,60.39,1200.0,1997-07-18,2025-03-15,,
141,COOPER LAKE PROJECT,20641,,-149.66611,60.3925,505.0,1958-12-02,2004-03-31,1959-07-01,2004-03-31
142,COOPER LANDING 5 W,20648,,-149.96809,60.4875,375.0,1975-02-01,2014-02-28,1975-02-01,2013-10-27
143,COOPER LANDING KENAI R,20657,,-149.80888,60.49222,419.0,1941-09-01,2017-12-20,1941-10-01,1956-02-29
144,CORDOVA 14 ESE,83732,,-145.3542,60.4731,83.0,2017-07-29,2025-03-17,,
145,CORDOVA AIRPORT,20654,PACV,-145.4445,60.48604,48.0,1909-05-07,2025-03-16,1909-09-25,2025-02-09
146,CORDOVA NORTH,20655,,-145.75301,60.5561,25.0,1955-06-12,2019-06-27,1955-06-12,2019-06-30
147,CORDOVA WWTP,31404,,-145.778,60.5358,10.0,2004-05-01,2023-11-26,2004-05-01,2012-09-30
148,COTTONWOOD ALASKA,65682,,-155.9361,65.3458,1310.0,1991-06-17,2025-03-16,,
149,COVILLE ALASKA,82717,,-155.56281,58.8025,1500.0,2008-06-03,2025-03-16,,
150,CRAIG,93841,,-133.12492,55.47135,100.0,2019-10-23,2020-09-30,,
151,CRAIG,20479,,-133.14079,55.4772,43.0,1936-10-04,2024-12-20,1936-12-05,2025-03-17
152,Cold Bay Area,32683,,,,,1942-06-01,2025-03-16,1948-10-01,2020-04-30
153,DEADHORSE,21096,PASC,-148.48006,70.19146,58.0,1999-06-01,2025-03-16,,
154,DEADHORSE 3 S,79885,,-148.4644,70.1618,30.0,2014-06-29,2025-03-17,,
155,DEERING AIRPORT,30948,PADE,-162.76141,66.06957,18.0,1998-07-23,2025-03-05,,
156,DELTA 5 NE,21223,,-145.6136,64.0839,1060.0,1994-08-01,2015-07-31,1994-08-01,2015-07-31
157,DELTA 6 N,28830,,-145.7511,64.1172,1059.0,1996-08-01,2024-08-01,1996-08-01,2024-07-31
158,DELTA FORESTRY EXP STN,28875,,-145.34193,63.93333,1220.0,1996-12-01,1997-03-31,1996-12-01,1997-03-31
159,DELTA JUNCTION 20 SE,21148,,-145.105,63.9647,1125.0,1980-11-01,2025-02-28,1980-11-01,2025-02-28
160,DENALI 27 N,79398,,-150.87469,63.452,2225.0,2015-08-20,2025-03-17,,
161,DENALI VISITOR CENTER ALASKA,83041,,-148.9055,63.7322,1800.0,2004-07-14,2025-03-16,,
162,DEVIL MOUNTAIN ALASKA,82929,,-164.53081,66.2758,285.0,2005-12-31,2023-02-09,,
163,DILLINGHAM AP,29839,PADL,-158.51669,59.05,86.0,1919-02-01,2025-03-16,1919-09-01,2005-05-31
164,DONNELLY ALASKA,83090,,-145.64999,63.9833,3000.0,2004-12-05,2024-12-14,,
165,DRY CREEK,28831,,-144.6041,63.67459,1355.0,1996-08-01,2025-03-16,1996-08-01,2025-03-16
166,DUNKLE HILLS ALASKA,83053,,-149.5392,63.2675,2850.0,2004-08-16,2025-03-16,,
167,DUTCH HARBOR,29844,PADU,-166.5433,53.895,10.0,1915-05-01,2025-03-17,1916-11-07,2025-03-17
168,Delta Junction Area,32662,,,,,1919-04-06,2025-03-16,1917-06-01,1997-12-14
169,EAGLE,20943,,-141.2036,64.7856,850.0,1901-11-01,2025-03-17,1901-11-01,2025-03-17
170,EAGLE AIRPORT,30896,PAEG,-141.16351,64.77611,910.0,1998-02-15,2025-03-15,,
171,EAGLE ALASKA,65687,,-141.1619,64.7761,880.0,1992-06-22,2025-03-16,,
172,EAGLE RIVER 1S,20729,,-149.55888,61.30778,250.0,2002-05-06,2007-03-31,,
173,EAGLE RIVER 5 SE,21200,,-149.4399,61.2968,498.0,1989-10-01,2025-02-28,1989-10-01,2025-02-28
174,EAGLE RIVER ALASKA,83017,,-149.3661,61.2725,420.0,2008-10-02,2023-12-01,,
175,EAGLE RIVER GAKONA CIRCLE,31482,,-149.5435,61.3193,567.0,2003-01-01,2025-02-28,2003-01-01,2025-02-28
176,EAGLE RIVER NATURE CENTER,20710,,-149.2709,61.23446,520.0,1981-07-01,2025-03-13,1981-07-01,2025-03-13
177,EAGLE SUMMIT,77601,,-145.41,65.49,3650.0,2000-11-08,2025-03-15,,
178,EAGLECREST BASE,83196,,-134.51401,58.2761,1134.0,2004-01-29,2025-03-17,2004-01-16,2025-03-17
179,EGEGIK AP,33048,PAII,-157.38556,58.18528,92.0,2019-08-20,2025-03-16,,
180,EIELSON FIELD,21154,,-147.10001,64.66667,547.0,1946-10-01,2011-06-30,1948-09-01,2011-06-30
181,EIELSON VISITOR CENTER,20886,,-150.31168,63.42583,3761.0,1971-01-29,2017-12-20,1971-01-29,2008-09-14
182,EIELSON VISITOR CENTER ALASKA,83137,,-150.3094,63.4314,3730.0,2004-12-05,2025-03-16,,
183,EKLUTNA PROJECT,20737,,-149.16667,61.46667,38.0,1952-01-01,1998-01-29,1952-01-01,1998-01-31
184,EKLUTNA WTP,31183,,-149.323,61.4495,640.0,2001-03-01,2024-10-31,2001-03-01,2024-10-31
185,ELFIN COVE,20554,PAEL,-136.34351,58.1916,20.0,1975-01-01,2024-12-22,1975-01-01,2024-12-22
186,ELIM AIRPORT,106225,PFEL,-162.26666,64.61667,161.0,2018-02-04,2025-03-16,,
187,EMMONAK,20855,PAEM,-164.4911,62.78528,14.0,1977-09-02,2025-03-16,1977-09-01,1994-01-21
188,ESTER,29437,,-148.0256,64.8464,655.0,2003-05-01,2021-10-31,2003-05-01,2021-10-31
189,ESTER 2SSW,31945,,-148.04639,64.76944,791.0,2004-08-30,2005-05-19,2004-08-30,2005-05-31
190,ESTER 4 S,31088,,-148.03667,64.79194,1155.0,2000-05-01,2002-04-30,2000-05-01,2002-04-30
191,ESTER 5NE,29084,,-147.92419,64.911,630.0,1997-12-01,2025-03-16,1997-12-01,2025-03-16
192,ESTER 6 NE,29438,,-147.91389,64.91333,640.0,2000-05-01,2002-04-30,1999-04-01,2002-04-30
193,ESTER DOME,29436,,-148.0392,64.8769,2177.0,2003-04-02,2010-08-10,1999-08-01,2010-10-03
194,ESTHER ISLAND,77610,,-148.09,60.8,50.0,2005-06-01,2025-03-15,,
195,EXIT GLACIER,77619,,-149.62,60.19,400.0,2011-07-08,2025-03-15,,
196,FAIRBANKS 11 NE,31728,,-147.50999,64.9735,1140.0,2002-08-10,2025-03-17,,
197,FAIRBANKS 19 N,31089,,-147.68556,65.11778,980.0,2000-05-01,2001-03-31,2000-05-01,2001-03-31
198,FAIRBANKS 39 ENE,20959,,-146.40889,64.89944,740.0,2002-05-05,2017-12-20,,
199,FAIRBANKS 9 ENE,20950,,-147.24944,64.88667,530.0,1942-07-01,2017-12-20,1942-08-01,1943-09-30
200,FAIRBANKS AIRPORT #2,31019,,-147.8739,64.8172,427.0,1999-12-01,2019-12-31,1999-12-01,2020-05-31
201,FAIRBANKS ALASKA,65689,,-147.61501,64.8367,454.0,1989-03-28,2023-11-14,,
202,FAIRBANKS F.O.,77609,,-147.8,64.85,450.0,1983-11-21,2020-07-20,,
203,FAIRBANKS INTL AP,20947,PAFA,-147.87605,64.80309,430.0,1929-12-01,2025-03-16,1929-12-01,2025-03-16
204,FAIRBANKS MIDTOWN,28876,,-147.79111,64.83417,440.0,1997-07-01,2013-07-31,1996-12-01,2013-07-31
205,FALSE PASS,106216,PAKF,-163.41666,54.85,20.0,2021-01-28,2025-03-02,,
206,FAREWELL ALASKA,65691,,-154.07671,63.7233,775.0,1996-08-27,2025-03-16,,
207,FAREWELL LAKE,21162,,-153.62056,62.54222,1060.0,1985-04-01,2009-02-28,1985-04-01,2009-02-28
208,FIELDING LAKE,77596,,-145.63,63.2,3000.0,2014-08-08,2025-03-15,,
209,FLAT ALASKA,65693,,-156.61391,62.8228,1480.0,1996-08-28,2023-12-26,,
210,FORT KNOX MINE,29085,,-147.34081,65.0033,1621.0,2000-05-01,2025-03-16,1997-12-01,2010-12-31
211,FORT RICHARDSON WATER TREATMENT PLANT,21204,,-149.65041,61.2272,470.0,1990-05-01,2025-03-17,1990-05-01,2025-03-17
212,FORT YUKON,29455,PFYU,-145.26666,66.56667,445.0,1899-01-01,2025-03-16,1899-01-01,1990-03-31
213,FORT YUKON,77602,,-145.25,66.57,430.0,2002-09-25,2025-03-15,,
214,FORT YUKON #2,40897,,-145.26556,66.56639,438.0,2010-08-12,2014-10-15,2010-08-12,2014-10-15
215,FORTY MILE RIVER AT TAYLOR HIGHWAY,40927,,-141.40889,64.30861,1252.0,2002-11-07,2017-12-20,2002-11-08,2007-11-10
216,FOURPEAKED ALASKA,82908,,-153.5181,58.7058,1074.0,2009-06-09,2025-03-16,,
217,FOX 2 SE,28888,,-147.6261,64.9591,775.0,1999-04-01,2022-08-31,1996-12-01,2022-08-31
218,FT. YUKON ALASKA,82975,,-145.25079,66.57,465.0,2005-12-31,2024-09-14,,
219,FUNNY RIVER,31572,,-150.80556,60.48222,275.0,2003-05-24,2010-10-31,2003-08-01,2010-10-31
220,FUNTER BAY,21147,PANR,-134.89999,58.25,30.0,1980-02-04,1996-06-30,1980-02-04,1996-06-30
221,Fairbanks Area,32722,,,,,1904-09-04,2025-03-16,1904-09-04,2025-03-16
222,GAKONA 10NE,33755,,-145.13251,62.39139,1850.0,2007-10-01,2009-10-05,2007-10-01,2009-10-31
223,GALENA,28889,,-156.8755,64.7408,152.0,1996-09-18,2025-03-02,1996-09-25,2025-03-02
224,GALENA 44 SW,109927,,-158.08479,64.3433,131.0,2024-12-06,2025-03-17,,
225,GALENA AIRPORT,29823,PAGA,-156.93443,64.73667,153.0,1942-10-01,2025-03-16,1942-10-01,1993-09-30
226,GATES GLACIER ALASKA,83138,,-143.01311,61.6028,4060.0,2004-12-05,2025-03-16,,
227,GEORGE CREEK ALASKA,65697,,-144.3503,63.8375,1525.0,1999-08-05,2025-03-16,,
228,GILMORE CREEK,20963,,-147.5211,64.9766,945.0,1962-10-01,2025-03-17,1966-02-01,2025-03-17
229,GIRDWOOD WWTP,20682,KAQY,-149.15919,60.94889,43.0,2019-08-08,2024-05-30,2019-08-01,2024-03-31
230,GLACIER BAY,20565,,-135.8692,58.4561,45.0,1966-01-01,2025-02-28,1966-01-01,2025-02-27
231,GLACIER BAY INNER DOCK,82771,,-135.86971,58.4564,34.0,2016-01-01,2025-03-16,,
232,GLEN ALPS,20695,,-149.6936,61.1,2202.0,1971-01-29,2016-09-30,1971-01-29,2016-09-30
233,GLENNALLEN 64 N,79408,,-145.50031,63.0295,2669.0,2013-08-10,2025-03-17,,
234,GLENNALLEN KCAM,20820,,-145.5331,62.1086,1383.0,1965-12-16,2025-03-17,1965-12-16,2025-03-17
235,GOBBLERS KNOB,77636,,-150.67,66.75,2030.0,1997-07-15,2025-03-15,,
236,GOLD KING ALASKA,65818,,-148.4622,64.4044,556.0,2003-07-29,2025-03-16,,
237,GOLDSTREAM CREEK,40987,,-147.87531,64.8938,577.0,2009-12-01,2025-03-17,2009-12-01,2025-03-17
238,GOLOVIN AIRPORT,20932,PAGL,-163.00716,64.55044,25.0,2019-12-11,2025-03-15,,
239,GOODPASTURE ALASKA,65700,,-145.26691,64.2381,1520.0,1996-07-29,2025-03-16,,
240,GRANDVIEW,77615,,-149.06,60.61,1100.0,1991-09-30,2025-03-15,,
241,GRANITE ALASKA,65703,,-149.287,60.7275,512.0,1997-05-08,2025-03-16,,
242,GRANITE CRK,77597,,-145.39999,63.94,1240.0,1991-08-19,2025-03-15,,
243,GRAPHITE LAKE ALASKA,65701,,-143.28329,67.0333,850.0,1991-06-24,2023-09-19,,
244,GREZELKA RANGE ALASKA,82877,,-149.6167,61.2833,2500.0,2004-12-05,2022-10-20,,
245,GROUSE CREEK DIVIDE,77618,,-149.34,60.26,700.0,1997-08-23,2025-03-12,,
246,GULKANA AIRPORT,20825,PAGK,-145.45885,62.15914,1578.0,1909-02-08,2025-03-16,1909-02-08,2001-07-31
247,GUSTAVUS,29574,PAGS,-135.70889,58.4111,40.0,1923-04-01,2025-03-17,1923-04-01,2025-03-17
248,GUSTAVUS 2 NE,67800,,-135.69,58.4292,20.0,2012-07-20,2025-03-17,,
249,Gulkana Area,32736,,,,,1909-09-01,2025-03-16,1909-03-01,2001-07-31
250,HAIDA ALASKA,65706,,-132.6983,55.3503,1500.0,1989-09-25,2025-01-02,,
251,HAINES #2,31090,,-135.46634,59.23172,98.0,2000-05-01,2025-03-17,2000-05-01,2025-03-17
252,HAINES 40NW,21201,,-136.3615,59.4503,820.0,1989-09-01,2025-03-17,1989-09-01,2025-03-17
253,HAINES AIRPORT,29837,PAHN,-135.51138,59.24287,21.0,1911-08-08,2025-03-16,1911-11-16,2001-06-30
254,HALIBUT COVE,20605,,-151.16667,59.6,30.0,1975-09-01,1998-01-31,1975-09-01,1998-01-31
255,HARDING ICEFIELD ALASKA,82924,,-149.7986,60.1489,4200.0,2004-07-14,2025-01-06,,
256,HARDING LAKE NE,80187,,-146.8152,64.4391,740.0,2016-02-03,2018-05-15,2016-02-03,2018-05-15
257,HAYCOCK ALASKA,65709,,-161.155,65.2017,177.0,1988-05-22,2025-03-16,,
258,HAYES RIVER,21146,,-152.07584,61.98722,1000.0,1980-11-01,2011-01-26,1980-11-01,2011-01-26
259,HEALY,20897,,-148.9436,63.84528,1244.0,1920-03-01,2010-10-06,1920-02-01,2010-10-06
260,HEALY,20899,,-148.99429,63.8674,1417.0,1976-11-05,2017-02-28,1976-11-06,2017-02-28
261,HELM ALASKA,65713,,-131.3661,55.5297,1400.0,1989-09-25,2025-03-16,,
262,HELMUT MOUNTAIN ALASKA,65711,,-144.1225,67.7414,2800.0,1988-09-23,2025-03-16,,
263,HIDDEN FALLS HATCHERY,21212,,-134.87691,57.2177,22.0,1992-10-01,2025-03-17,1992-10-01,2025-03-17
264,HODZANA ALASKA,65714,,-148.6767,66.7417,1075.0,1991-06-10,2025-03-16,,
265,HOGATZA RIVER ALASKA,65715,,-155.6667,66.2167,685.0,1988-05-20,2025-03-16,,
266,HOLLIS,20478,PAHS,-132.62219,55.4909,30.0,1950-05-09,2017-08-31,1949-05-06,2017-10-11
267,HOMER 13 NE,31469,,-151.21028,59.76222,1405.0,2002-12-01,2005-10-31,2002-12-01,2005-10-31
268,HOMER 17 E,21207,,-151.16667,59.76667,1000.0,1991-02-01,2017-12-20,1991-02-01,1991-04-30
269,HOMER 2NW,31593,,-151.56361,59.66583,1015.0,2003-08-01,2004-10-31,2003-08-01,2004-10-31
270,HOMER 8 NW,20615,,-151.6347,59.7444,1080.0,1977-10-02,2021-12-07,1977-10-01,2021-12-07
271,HOMER 9 E,21191,,-151.32556,59.71611,512.0,1988-08-01,2011-10-31,1988-08-01,2011-10-31
272,HOMER AIRPORT,20608,PAHO,-151.49098,59.64196,63.0,1932-09-01,2025-03-16,1932-09-01,1997-11-30
273,HOMER ALASKA,65716,,-151.2083,59.7458,715.0,1998-05-26,2024-09-21,,
274,HOODOO HILL ALASKA,65718,,-163.4081,65.5858,1550.0,1992-06-16,2021-11-29,,
275,HOONAH,20547,,-135.4277,58.1071,130.0,1941-05-09,2025-03-17,1941-06-01,2025-03-17
276,HOONAH ALASKA,65717,,-135.1333,57.8,450.0,1989-09-26,2025-03-16,,
277,HOPE,20679,,-149.6286,60.8983,180.0,1979-03-01,2012-06-30,1979-03-01,2012-01-25
278,HOUSTON,21160,,-149.80112,61.63111,270.0,1984-11-01,2020-08-25,1984-11-01,2020-06-30
279,HOWARD PASS ALASKA,82892,,-156.8958,68.1561,2062.0,2013-07-18,2025-03-16,,
280,HUSLIA 27 E,114109,,-155.4761,65.6582,207.0,2024-12-06,2025-03-17,,
281,HUSLIA AP,32036,PAHL,-156.35139,65.69778,180.0,2024-05-20,2025-03-16,,
282,HYDABURG SEAPLANE BASE,33044,PAHY,-132.82831,55.20631,,2020-02-02,2025-03-16,,
283,HYDER,31580,,-130.02592,55.9158,80.0,1936-10-01,2023-03-01,1936-11-01,2023-03-01
284,Homer Area,32749,,,,,1932-09-01,2025-03-16,1932-09-01,1997-11-30
285,IGLOO LODGE,31256,,-149.77779,63.16389,2160.0,2001-08-01,2003-07-31,2001-08-01,2003-07-31
286,ILIAMNA AIRPORT,20618,PAIL,-154.90903,59.74922,152.0,1920-04-01,2025-03-16,1920-02-11,1997-11-30
287,ILLINOIS CREEK,21208,,-157.83333,64.05,980.0,1991-02-01,2004-11-30,1991-04-01,2004-11-30
288,IMELYAK ALASKA,82934,,-157.0692,67.5461,3569.0,2012-08-03,2025-03-16,,
289,IMNAVIAT CREEK,77624,,-149.3,68.62,3050.0,2006-09-30,2025-03-15,,
290,INDEPENDENCE MINE,77623,,-149.28,61.79,3550.0,1998-10-13,2025-03-15,,
291,INDIAN PASS,77621,,-149.48,61.07,2350.0,1981-09-30,2025-03-15,,
292,INIGOK AIRFIELD ALASKA,82933,,-153.0836,70.0036,168.0,2012-08-21,2025-03-16,,
293,INNOKO FLATS ALASKA,65725,,-158.8167,63.39,930.0,1988-03-31,2025-03-16,,
294,INTRICATE BAY,20606,,-154.49834,59.555,120.0,1959-08-01,2006-07-31,1959-08-01,2006-07-31
295,IVOTUK 1 NNE,79883,,-155.7506,68.4851,1909.0,2014-06-19,2023-04-06,,
296,JARVIS CREEK ALASKA,82886,,-145.6189,63.9486,1426.0,2009-06-19,2025-01-30,,
297,JATAHMUND LAKE ALASKA,65727,,-142.0833,62.6,2300.0,1990-07-02,2024-10-15,,
298,JBER ALASKA,83022,,-149.6503,61.3819,262.0,2012-10-02,2025-03-16,,
299,JOHNSON'S CAMP,77647,,-164.28999,64.56,25.0,2002-08-14,2025-03-15,,
300,JUNEAU AIRPORT,20559,PAJN,-134.55606,58.354,19.0,1936-11-01,2025-03-16,1936-11-01,2025-03-16
301,JUNEAU DOWNTOWN,29841,,-134.4111,58.2988,50.0,1890-01-01,2021-09-30,1890-01-05,2021-09-30
302,JUNEAU FORECAST OFFICE,31193,,-134.5694,58.4002,106.0,2001-12-01,2025-03-16,2001-12-01,2025-03-16
303,JUNEAU LEMON CREEK,31850,,-134.47945,58.35444,159.0,2003-12-09,2009-10-31,2003-12-09,2009-10-31
304,JUNEAU LENA POINT,31020,,-134.76579,58.3869,35.0,2000-01-01,2025-03-16,2000-01-01,2025-03-16
305,JUNEAU MILE 17,31194,,-134.7468,58.4058,245.0,2001-03-01,2013-07-31,2001-03-01,2013-07-31
306,JUNEAU OUTER POINT,31246,,-134.67529,58.2944,45.0,2001-07-01,2016-10-09,2001-07-01,2016-10-09
307,JUNEAU RD ALASKA,65729,,-134.57111,58.3622,25.0,1997-04-09,2005-03-30,,
308,Juneau Area,32772,,,,,1943-07-01,2025-03-16,1943-07-01,2025-03-16
309,KACHEMAK CREEK,77628,,-150.66,59.73,1660.0,2003-09-30,2019-05-29,,
310,KAIYUH ALASKA,65730,,-158.1058,64.4256,110.0,1997-08-25,2025-03-16,,
311,KAKE,35085,,-133.89999,56.96667,70.0,1919-05-01,1991-05-04,1919-05-01,1992-04-30
312,KAKE ALASKA,65731,,-133.66,56.9739,400.0,1989-09-25,2024-08-21,,
313,KALGIN ISLAND,21187,,-151.91667,60.45,30.0,1988-01-06,2017-12-20,1988-01-06,1988-02-29
314,KALSKAG AP,33568,PALG,-160.34138,61.53639,55.0,2025-01-09,2025-03-16,,
315,KALTAG AIRPORT,20921,PAKV,-158.7326,64.3208,173.0,1944-06-01,2025-03-16,1944-06-01,1944-10-31
316,KALUICH ALASKA,82896,,-158.4317,67.5733,2486.0,2012-09-04,2025-03-16,,
317,KANTISHNA,77635,,-150.99001,63.54,1550.0,2005-07-28,2025-03-15,,
318,KANUTI NWR ALASKA,65732,,-152.17,66.0933,825.0,1990-08-06,2025-03-16,,
319,KASILOF 3 NW,20640,,-151.37398,60.36516,70.0,1925-11-01,1997-10-31,1925-11-13,1997-10-31
320,KAVET CREEK ALASKA,65733,,-159.04359,67.1386,235.0,1992-06-16,2025-03-15,,
321,KELLY ALASKA,65734,,-162.3,67.9333,412.0,1990-04-23,2025-03-16,,
322,KELLY STATION,77644,,-162.28,67.93,310.0,2011-07-22,2025-03-15,,
323,KENAI 29 ENE,61825,,-150.44839,60.7237,282.0,2010-08-31,2025-03-17,,
324,KENAI 9N,21137,,-151.32278,60.66917,126.0,1983-07-01,2007-04-30,1983-07-01,2007-04-30
325,KENAI AIRPORT,20662,PAEN,-151.24152,60.57909,99.0,1899-05-01,2025-03-16,1899-05-01,1999-12-06
326,KENAI LAKE ALASKA,65739,,-149.39999,60.3667,475.0,1989-09-25,2025-03-16,,
327,KENAI MOOSE PENS,77629,,-150.48,60.73,300.0,1994-02-22,2025-03-15,,
328,KENAI NWR ALASKA,65735,,-150.3167,60.5917,400.0,1988-06-30,2025-03-16,,
329,KENNY LAKE 7SE,31091,,-144.76331,61.6797,1240.0,2000-05-01,2012-03-31,2000-05-01,2012-03-26
330,KETCHIKAN 10N,83198,,-131.8183,55.4519,295.0,2007-08-27,2025-03-17,2007-11-28,2025-03-17
331,KETCHIKAN 14N,31210,,-131.80556,55.465,205.0,2001-05-01,2007-08-23,2001-05-01,2006-10-31
332,KETCHIKAN AIRPORT,31833,PAKT,-131.72195,55.3586,84.0,1910-09-01,2025-03-16,1910-11-08,2024-11-03
333,KETCHIKAN CARLANNA CREEK,20475,,-131.7,55.35,330.0,1940-02-02,2017-12-19,1940-02-01,1941-08-31
334,KEYSTONE RIDGE,28833,,-148.2711,64.9156,1600.0,1996-08-01,2025-03-11,1996-08-01,2025-03-11
335,KIANA ALASKA,65736,,-160.4375,66.9767,150.0,1988-04-19,2025-03-16,,
336,KILBUCK ALASKA,65737,,-160.2,60.32,1910.0,1991-07-15,2024-07-15,,
337,KILLIK PASS ALASKA,82766,,-154.92419,67.9703,3000.0,2012-09-04,2024-09-15,,
338,KING SALMON 42 SE,67799,,-155.9225,58.2077,661.0,2012-08-18,2025-03-17,,
339,KING SALMON AIRPORT,29840,PAKN,-156.65634,58.68294,66.0,1917-06-14,2025-03-16,1917-07-01,2020-04-30
340,KITOI BAY,20551,,-152.37219,58.1913,60.0,1954-11-01,2025-02-28,1954-11-01,2025-02-28
341,KIVALINA AIRPORT,30970,PAVL,-164.54788,67.7306,19.0,1998-07-06,2025-03-16,,
342,KLAWASI ALASKA,65738,,-144.9281,62.1472,3100.0,1991-06-25,2025-03-16,,
343,KLAWOCK AIRPORT,30949,PAKW,-133.07468,55.58191,68.0,1997-07-01,2025-03-16,,
344,KLAWOCK WATER PLANT,94429,,-133.0647,55.55158,88.0,2019-11-14,2025-03-17,2019-11-14,2025-03-17
345,KOBE HILL,29442,,-149.4314,64.19417,800.0,2000-05-01,2012-02-29,2000-05-01,2012-02-29
346,KODIAK AIRPORT,29842,PADQ,-152.4881,57.75071,16.0,1931-01-01,2025-03-16,1931-01-01,2020-11-29
347,KODIAK WWTP,32422,,-152.35609,57.8048,54.0,2005-08-01,2025-02-28,2005-08-01,2025-02-28
348,KOTZEBUE 25 N,21135,,-162.8,67.25,30.0,1982-11-01,1995-05-31,1982-11-01,1995-05-31
349,KOTZEBUE AIRPORT,21029,PAOT,-162.6068,66.88569,11.0,1897-09-12,2025-03-16,1903-06-03,2020-05-26
350,KOYUK,21192,,-161.14999,64.93333,60.0,1988-11-01,2017-12-20,1988-11-01,1990-01-31
351,KOYUKUK NWR ALASKA,65740,,-157.57001,66.0083,100.0,1990-07-16,2025-03-16,,
352,KUPARUK,21139,,-149.6114,70.3289,64.0,1983-02-01,2025-01-31,1983-02-01,2025-01-31
353,KWETHLUK,106227,PFKW,-161.45,60.78333,25.0,2018-02-04,2025-03-15,,
354,King Salmon Area,32640,,,,,1917-06-14,2025-03-16,1917-07-01,2020-04-30
355,Kodiak Area,32637,,,,,1913-09-01,2025-03-16,1913-10-17,2020-11-29
356,Kotzebue Area,32822,,,,,1902-08-01,2025-03-16,1903-06-03,2020-05-26
357,LAKE MINCHUMINA ALASKA,65747,,-152.31059,63.8933,740.0,1992-06-22,2025-03-16,,
358,LAKE SUSITNA,21205,,-146.67889,62.45278,2375.0,1990-05-01,2003-12-31,1990-05-01,2003-12-31
359,LARSEN BAY,20530,,-153.96667,57.53333,18.0,1939-09-20,1993-11-30,1939-10-01,1993-11-30
360,LAZY MOUNTAIN,21161,,-149.0365,61.6266,733.0,1984-09-01,2025-03-03,1984-09-01,2025-03-03
361,LITTLE BLACK ALASKA,65743,,-143.3672,66.0914,1241.0,2003-07-29,2020-12-04,,
362,LITTLE CHENA #2,28892,,-147.32028,64.88722,550.0,2006-11-04,2007-09-03,1996-12-01,2007-09-03
363,LITTLE CHENA RIDGE,77606,,-146.73,65.12,2000.0,1981-09-30,2025-03-15,,
364,LITTLE PORT WALTER,20498,,-134.6497,56.383,14.0,1936-07-11,2025-03-17,1936-10-01,2025-03-17
365,LITTLE SU AT HATCHER PASS BRIDGE,20778,,-149.2316,61.7102,902.0,2006-06-29,2025-02-27,2006-10-26,2025-01-31
366,LIVENGOOD ALASKA,65746,,-148.72169,65.4236,450.0,1998-08-20,2025-03-16,,
367,LIVENGOOD DOT,20993,,-148.5497,65.5225,649.0,1933-07-04,2006-06-11,1933-09-01,2006-06-11
368,LONG LAKE,77588,,-133.83,58.19,850.0,1999-10-07,2025-03-15,,
369,LOST CREEK ALASKA,65748,,-147.97141,66.0425,700.0,2003-07-29,2023-09-15,,
370,MAIN BAY,21136,,-148.09309,60.5181,57.0,1982-10-02,2025-02-28,1982-10-01,2025-02-28
371,MANCHU ALASKA,83021,,-147.01669,64.7,671.0,2004-12-05,2025-03-16,,
372,MANKOMEN LAKE,20862,,-144.47917,62.98611,3025.0,1965-07-01,2008-12-11,1965-07-01,2008-12-11
373,MANLEY HOT SPRINGS,20967,PAML,-150.638,64.9988,272.0,1909-07-01,2014-03-31,1908-10-01,2014-03-31
374,MANLEY HOT SPRINGS 15NE,93827,,-150.22771,65.1225,501.0,2016-06-16,2023-12-01,2016-06-01,2023-12-01
375,MANLEY HOT SPRINGS DOT,33701,,-150.6127,65.0074,345.0,2015-09-23,2019-07-15,,
376,MATANUSKA EXPERIMENTAL FARM,20753,,-149.2541,61.5663,172.0,1917-07-04,2025-02-28,1917-07-04,2025-02-28
377,MAY CREEK,77591,,-142.71001,61.35,1610.0,2007-07-18,2025-03-15,,
378,MAY CREEK ALASKA,65749,,-142.5844,61.3208,1600.0,1990-05-25,2023-12-30,,
379,MC GRATH ON KUSKOKWIM RIV,20864,,-155.59029,62.95833,300.0,1941-06-01,2017-11-03,1941-02-01,2008-05-11
380,MCCARTHY 3 SW,21140,,-142.99609,61.418,1250.0,1984-01-01,2017-12-20,1984-01-01,2017-09-25
381,MCGRATH AP,20865,PAMC,-155.61009,62.9574,331.0,1941-06-01,2025-03-16,1939-04-01,2024-11-19
382,MCKINLEY PARK,29604,,-148.96919,63.7175,2070.0,1923-01-01,2025-03-16,1923-01-01,2025-03-16
383,MCKINLEY RIVER ALASKA,65750,,-151.63969,63.6492,840.0,1990-06-15,2025-03-16,,
384,MCNEIL CANYON,77639,,-151.25,59.74,1320.0,1999-10-21,2025-03-15,,
385,MCNEIL RIVER SGS,77643,,-154.28,59.08,140.0,2012-06-27,2025-03-15,,
386,MEADOW LAKES,33545,,-149.565,61.57778,353.0,2006-11-14,2008-04-08,2006-11-14,2008-04-08
387,MEKORYUK,29833,PAMY,-166.2,60.38333,45.0,1923-09-06,2025-03-16,1923-09-24,1987-07-31
388,MENTASTA LAKE 7E - BARTELL CREEK,34832,,-143.5741,62.933,2364.0,2009-01-01,2014-08-13,2009-01-01,2014-08-13
389,METLAKATLA 6 S,67801,,-131.58771,55.0455,105.0,2012-07-27,2025-03-17,,
390,METLAKATLA POWER,94432,,-131.59007,55.08563,56.0,2019-11-10,2025-03-10,2019-11-09,2025-03-10
391,MEYERS CHUCK,34609,,-133.255,55.73944,20.0,2005-08-15,2011-11-23,2005-08-15,2011-12-31
392,MIDDLE FORK BRADLEY,77626,,-150.75999,59.78,2300.0,1991-10-02,2025-03-12,,
393,MIDDLETON ISLAND,29836,PAMD,-146.33333,59.43333,100.0,1942-12-01,2025-03-16,1942-12-01,1963-06-01
394,MILE 101 STEESE,21186,,-145.33333,65.51667,2270.0,1987-11-01,1990-05-31,1987-11-01,1990-05-31
395,MILE 39 STEESE,21188,,-147.25417,65.19056,750.0,1998-02-01,2012-04-09,1998-02-01,2010-01-09
396,MILE 42 STEESE,21189,,-147.16667,65.22222,960.0,1996-08-01,2013-09-10,1996-08-01,2013-09-04
397,MILE 50 - KANDIK RIVER,62481,,-141.52049,65.5663,1230.0,2011-07-29,2014-06-26,2011-09-06,2013-11-06
398,MINCHUMINA,29824,PAMH,-152.2816,63.9033,1025.0,1945-01-01,2025-01-31,1945-01-01,2025-01-31
399,MINCHUMINA AIRPORT,40856,PAMH,-152.30194,63.88611,678.0,2000-01-22,2025-03-16,2002-09-11,2003-04-03
400,MINERAL LAKES,28835,,-143.37833,62.945,2098.0,1996-08-01,1999-10-31,1996-08-01,1999-10-31
401,MIRROR LAKE SCOUT CAMP,21169,,-149.4075,61.42528,405.0,1985-11-01,2004-05-11,1985-11-01,2004-04-30
402,MONAHAN FLAT,77608,,-147.64999,63.31,2710.0,2002-07-15,2025-03-15,,
403,MONASHKA CREEK DAM,31947,,-152.4585,57.8426,130.0,1909-11-10,2025-02-28,1909-09-01,2014-08-31
404,MONTANA CREEK,20821,,-150.05888,62.10444,245.0,1963-06-03,2017-12-20,1963-06-01,1981-09-30
405,MONTANA CREEK DOT,31878,,-146.0864,65.36,2300.0,2004-11-02,2019-07-15,2004-11-02,2006-05-31
406,MONUMENT CREEK,77600,,-145.87,65.08,1850.0,1982-06-10,2025-03-15,,
407,MOORE CREEK BRIDGE,77589,,-135.21001,59.59,2250.0,2004-10-06,2025-03-15,,
408,MOOSE MOUNTAIN,29445,,-147.93723,64.91944,855.0,2013-06-11,2017-12-20,1999-07-01,1999-07-31
409,MOOSE PASS 3NW,20647,,-149.4261,60.5029,492.0,1941-07-29,2023-11-30,1941-08-01,2023-12-31
410,MORAINE,77611,,-149.0,61.38,2100.0,2002-07-31,2025-03-15,,
411,MOTHER GOOSE ALASKA,82922,,-157.278,57.1792,175.0,2004-03-24,2025-03-16,,
412,MOUNTAIN VILLAGE AP,20824,PAMO,-163.68195,62.09528,337.0,2017-11-29,2025-03-16,,
413,MT. ALYESKA,77614,,-149.09,60.96,1540.0,2001-08-15,2025-03-15,,
414,MT. EYAK,77594,,-145.75,60.55,1405.0,2005-09-08,2025-03-15,,
415,MT. NOAK ALASKA,82786,,-162.9944,67.1414,809.0,2011-09-30,2025-03-16,,
416,MT. RYAN,77605,,-146.14999,65.25,2800.0,1981-09-30,2025-03-15,,
417,MUNSON RIDGE,77604,,-146.21001,64.85,3100.0,1982-06-11,2025-03-15,,
418,Mcgrath Area,32790,,,,,1941-06-01,2025-03-16,1939-04-01,2024-11-19
419,NABESNA,20841,,-142.9966,62.3977,2920.0,1966-10-01,2014-08-31,1966-10-01,2014-08-31
420,NANCY LAKE,31184,,-149.97501,61.68306,233.0,2001-03-01,2007-04-30,2001-03-01,2007-04-30
421,NANWALEK,31255,,-151.92111,59.35556,45.0,2002-11-01,2003-10-30,2002-11-01,2003-10-30
422,NAPAKIAK,106218,PANA,-161.98334,60.68333,17.0,2018-02-04,2025-03-15,,
423,NELSON LAGOON AIRPORT,79428,PAOU,-161.16701,56.017,14.0,2024-11-12,2025-03-16,,
424,NENANA MUN AP,20930,,-149.09612,64.54611,358.0,1916-12-01,2025-03-07,1916-12-01,2001-04-30
425,NENANA MUNICIPAL AIRPORT,30895,PANN,-149.08713,64.54725,361.0,1948-10-01,2025-03-16,1948-10-01,1969-07-31
426,NEW LAKE ALASKA,65756,,-148.0383,66.1617,468.0,1990-05-29,2003-07-29,,
427,NINILCHIK ALASKA,65757,,-151.6655,60.0433,130.0,1992-06-10,2025-03-16,,
428,NOATAK ALASKA,65759,,-158.70419,68.0708,985.0,1990-04-23,2020-10-16,,
429,NOME AIRPORT,20927,PAOM,-165.44002,64.51112,18.0,1900-08-13,2025-03-16,1906-10-01,2020-05-26
430,NORTH POLE,20944,,-147.3253,64.7581,475.0,1968-10-02,2025-03-16,1968-10-01,2025-03-16
431,NORTH POLE 1N,28901,,-147.34,64.76,496.0,2005-10-01,2025-03-17,1996-12-01,2025-03-17
432,NORTHWAY AIRPORT,20860,PAOR,-141.93834,62.96148,1716.0,1942-09-08,2025-03-16,1942-10-01,2021-08-31
433,NORUTAK LAKE ALASKA,65761,,-154.3333,66.8333,800.0,1990-05-26,2025-03-16,,
434,NUIQSUT AIRPORT,30965,PAQT,-150.99442,70.21262,37.0,1998-07-19,2025-03-16,,
435,NUKA GLACIER,77627,,-150.71001,59.7,1250.0,1992-12-06,2025-03-15,,
436,NUNAPITCHUK,106233,PPIT,-162.43333,60.9,10.0,2018-02-04,2025-03-16,,
437,Nome Area,32817,,,,,1906-12-02,2025-03-16,1906-10-01,2020-05-26
438,O'BRIEN CREEK,34549,,-141.41833,64.31722,1295.0,2002-11-07,2010-08-21,2002-11-08,2010-08-31
439,OKLAHOMA ALASKA,83185,,-146.2522,64.0217,1587.0,2004-12-30,2020-06-01,,
440,OLD EDGERTON,20790,,-144.98334,61.8,1320.0,1970-03-20,1996-01-31,1970-03-19,1996-01-31
441,OUZINKIE,21199,,-152.50111,57.92556,40.0,1989-05-01,2007-08-31,1989-05-01,2007-08-31
442,PALMER AIRPORT,20761,PAAQ,-149.09175,61.59505,233.0,1997-10-01,2025-03-16,,
443,PALMER JOB CORPS,20760,,-149.0992,61.5888,216.0,1948-11-20,2025-01-31,1948-11-20,2024-10-18
444,PALMER-MAT RVR,21181,,-149.07278,61.60861,171.0,2015-06-26,2017-12-20,,
445,PAMICHTUK LAKE ALASKA,83007,,-152.19501,67.7719,2700.0,2012-09-04,2025-03-16,,
446,PARGON CREEK,77646,,-163.10001,64.99,100.0,2000-09-30,2025-03-15,,
447,PAXSON,29825,PAXK,-145.49834,63.03222,2700.0,1914-04-01,2010-01-31,1914-05-01,2010-01-31
448,PAXSON ALASKA,65770,,-145.5014,62.9453,2670.0,1996-08-02,2025-03-16,,
449,PEARL CREEK,28897,,-147.79611,64.89222,754.0,1997-02-01,1998-06-17,1997-02-01,1998-06-30
450,PEDERSON LAGOON ALASKA,82725,,-149.7308,59.8944,625.0,2011-04-16,2025-03-16,,
451,PELICAN,20543,,-136.2213,57.9577,12.0,1967-02-01,2025-03-17,1967-02-01,2025-03-17
452,PETERSBURG 1,29843,PAPG,-132.93719,56.8055,107.0,1926-07-19,2025-03-16,1924-06-01,2025-03-16
453,PLANT MATERIALS CENTER,20742,,-149.08333,61.53333,67.0,1975-08-01,1994-04-30,1975-08-01,1994-01-31
454,PLATINUM AP,21165,PAPM,-161.81972,59.01139,15.0,2024-08-27,2025-03-16,,
455,POINT BAKER,31559,,-133.6263,56.3511,20.0,2002-09-07,2020-11-25,2002-09-07,2020-11-26
456,POINT HOPE AIRPORT,21057,PAPO,-166.8,68.35,13.0,1924-02-01,2025-03-16,1924-03-02,1982-02-28
457,POINT LAY,21085,PPIZ,-163.00533,69.73288,25.0,1941-09-01,2025-03-07,1941-09-01,1955-08-15
458,POINT LAY LIZ 2,21083,PPIZ,-163.01666,69.73333,,2020-06-09,2025-03-16,,
459,POINT MACKENZIE,77631,,-150.03,61.39,250.0,1999-10-17,2015-08-25,,
460,POINT MACKENZIE,21163,,-150.08194,61.41694,160.0,1980-12-11,2015-08-25,1980-12-17,2010-08-31
461,POORMAN ALASKA,65773,,-155.5583,64.105,935.0,1988-06-02,2025-03-16,,
462,PORT ALCAN,21166,,-141.006,62.6211,1892.0,1985-09-01,2025-03-17,1985-09-01,2025-03-17
463,PORT ALEXANDER,20495,PAAP,-134.6447,56.2472,12.0,1949-09-01,2017-09-05,1949-09-01,2017-09-05
464,PORT ALSWORTH,20636,PALJ,-154.3163,60.2036,260.0,1960-07-01,2025-02-28,1960-07-01,2025-02-28
465,PORT ALSWORTH 1 SW,40796,,-154.3196,60.1951,321.0,2009-09-25,2025-03-17,,
466,PORT ALSWORTH ALASKA,65768,,-154.32001,60.1958,260.0,1992-06-29,2025-03-16,,
467,PORT CLARENCE,20986,PAPC,-166.86667,65.25,12.0,1895-07-21,1995-08-31,1895-09-15,1995-08-31
468,PORT GRAHAM,77640,,-151.85001,59.35,300.0,2000-09-30,2025-03-15,,
469,PORT GRAHAM,31021,,-151.83556,59.35306,36.0,1999-12-01,2002-03-30,1999-12-01,2002-03-31
470,PORT LIONS,31421,,-152.87862,57.86778,75.0,2002-08-06,2009-04-30,2002-08-01,2009-04-30
471,PORT SAN JUAN,21143,,-148.0672,60.0502,40.0,1980-07-01,2025-01-31,1980-07-01,2025-01-31
472,PORTAGE 1 S,20675,,-148.98334,60.81667,40.0,1984-02-01,1995-02-28,1973-01-01,1994-10-31
473,PORTAGE GLACIER VISITOR CENTER,20671,PATO,-148.84839,60.78351,107.0,1972-11-01,2025-03-16,1986-06-01,1993-06-30
474,PREACHER CREEK ALASKA,65774,,-145.03,65.9233,1038.0,1993-08-02,2025-03-16,,
475,PROSPECT CREEK,21026,,-150.66888,66.82361,955.0,1970-10-01,2017-12-20,1970-10-01,2001-04-30
476,PRUDHOE BAY,77613,,-148.57001,70.27,30.0,2003-09-30,2025-03-15,,
477,PRUDHOE BAY,21168,PAUD,-148.33333,70.25,75.0,1968-12-01,1999-06-13,1985-03-01,1999-06-30
478,PT. MAC ALASKA,83186,,-150.0914,61.4225,200.0,2008-05-21,2025-03-16,,
479,PUNTILLA,20822,PAPT,-152.73489,62.0911,1858.0,1942-01-01,2025-03-14,1942-01-01,2024-09-30
480,QUARTZ CREEK ALASKA,65776,,-164.64999,65.4,427.0,1988-05-18,2024-12-23,,
481,QUINHAGAK AIRPORT,106220,PAQH,-161.83333,59.75,43.0,2017-12-23,2025-03-16,,
482,RABBIT CREEK ALASKA,65778,,-149.7283,61.0844,1480.0,1992-06-12,2025-03-16,,
483,RAM CREEK ALASKA,83134,,-154.4731,67.6853,3000.0,2012-09-04,2025-03-15,,
484,RED DOG MINE 3 SSW,61824,,-162.9212,68.0277,942.0,2010-08-26,2025-03-17,,
485,REINDEER RIVER ALASKA,65780,,-162.66499,61.7161,140.0,1993-08-10,2025-03-16,,
486,RENEE ALASKA,65781,,-146.6181,62.71,2600.0,1999-06-07,2025-03-16,,
487,RHOADS CREEK,77598,,-145.33,63.93,1225.0,2001-08-22,2016-10-11,,
488,ROBERT (BOB) CURTIS MEMORIAL AIRPORT,79431,PFNO,-161.022,66.818,56.0,2017-06-26,2025-03-16,,
489,ROBERTSON RIVER,95224,,-143.8335,63.4501,1505.0,2020-09-22,2025-03-17,2020-09-22,2025-03-17
490,ROCKY POINT,77645,,-163.42,64.53,250.0,1999-09-30,2024-12-12,,
491,ROUND LAKE ALASKA,65785,,-153.94,64.6847,570.0,1992-08-10,2025-03-16,,
492,RUBY 14NE,35061,,-155.11771,64.8694,259.0,2009-08-05,2013-09-28,2009-08-21,2013-09-28
493,RUBY 44 ESE,79884,,-154.1297,64.5015,259.0,2014-08-29,2025-03-17,,
494,RUBY AP,33563,PARY,-155.46973,64.72722,653.0,2024-05-28,2025-03-16,,
495,RUBY WEST,20945,,-155.48418,64.7425,400.0,1977-02-21,2000-11-30,1999-04-01,2000-11-30
496,RUTH GLACIER ALASKA,65787,,-150.5397,62.7097,3300.0,1998-08-26,2020-08-25,,
497,SAG RIVER DOT,29447,,-148.87306,68.76083,1630.0,2000-05-01,2017-12-20,1999-04-01,2006-06-30
498,SAGWON,77612,,-148.69,69.42,1000.0,2001-07-15,2025-03-15,,
499,SAINT PAUL ISLAND AIRPORT,20519,PASN,-170.22272,57.15505,26.0,1892-09-01,2025-03-16,1918-07-01,2020-04-30
500,SALCHA,20926,,-146.97667,64.49417,680.0,1919-06-01,2010-12-31,1919-09-20,2010-12-31
501,SALCHA ALASKA,65800,,-146.14,64.59,1000.0,1996-07-29,2025-03-16,,
502,SALCHA RIVER AT JOHNSON'S,21182,,-146.3726,64.5254,767.0,1996-12-01,2014-09-27,1996-12-01,2014-09-27
503,SALMON RIVER ALASKA,82724,,-159.8405,67.4597,1201.0,2014-01-01,2025-03-16,,
504,SALMON TROUT ALASKA,65789,,-141.62,66.8125,2210.0,1988-07-01,2025-03-16,,
505,SAND POINT 1 ENE,40795,,-160.466,55.3473,240.0,2009-08-21,2025-03-17,,
506,SAND POINT AP,20472,PASD,-160.52083,55.31944,21.0,1941-09-26,2025-03-16,1941-10-01,1994-06-30
507,SCAMMON BAY AIRPORT,79427,PACM,-165.567,61.85,14.0,2024-12-18,2025-02-03,,
508,SELAWIK 28 E,78673,,-159.0036,66.562,22.0,2015-08-14,2025-03-17,,
509,SELAWIK ALASKA,65792,,-159.1125,66.6033,105.0,1991-06-14,2025-03-16,,
510,SELAWIK AP,33127,PASK,-159.98611,66.6,25.0,2024-05-08,2025-03-16,,
511,SELDOVIA AIRPORT,30982,PASO,-151.70653,59.44597,28.0,1997-06-01,2025-03-16,,
512,SEVEN MILE ALASKA,65794,,-149.855,65.9383,823.0,1988-03-24,2025-03-16,,
513,SEVEN MILE DOT,33109,,-149.8519,65.9402,649.0,2005-04-13,2007-03-31,2005-04-13,2007-03-31
514,SEWARD,20631,PAWD,-149.44389,60.10389,110.0,1908-02-01,2025-03-07,1908-02-01,2008-09-30
515,SEWARD 19N,21173,,-149.3483,60.3538,518.0,1986-11-06,2014-02-28,1986-11-01,2014-02-28
516,SEWARD 8 NW,21132,,-149.6274,60.1883,424.0,1983-07-01,2016-08-31,1983-07-01,2016-08-31
517,SEWARD AIRPORT,20634,PAWD,-149.41849,60.12927,14.0,2000-09-20,2025-03-16,,
518,SHAGELUK,106214,PAHX,-159.56667,62.7,78.0,2018-02-04,2025-03-16,,
519,SHAKTOOLIK AIRPORT,79429,PFSH,-161.224,64.37,23.0,2017-05-19,2025-03-16,,
520,SHAKTOOLIK RIVER ALASKA,83033,,-159.90221,64.6328,1850.0,2012-07-17,2024-08-23,,
521,SHEEP MOUNTAIN CAA AIRPORT,20792,PASP,-147.68333,61.8,2280.0,1943-01-19,2011-10-31,1943-01-23,2011-10-31
522,SHEEP MOUNTAIN LODGE,30894,,-147.49921,61.8125,2780.0,2001-10-01,2011-10-31,2001-10-01,2011-10-31
523,SHELTER COVE ALASKA,65795,,-131.34331,55.5317,500.0,1995-05-30,2005-06-09,,
524,SHEMYA USAF BASE,20437,PASY,174.10001,52.71667,122.0,1943-07-01,1995-03-31,1943-11-01,1995-03-31
525,SHISHMAREF AIRPORT,21015,PASH,-166.08936,66.24958,7.0,1919-10-01,2025-03-16,1919-10-14,1973-10-31
526,SHUNGNAK AIRPORT,79752,PAGH,-157.16241,66.88808,206.0,2017-06-27,2025-03-16,,
527,SILVER LAKE,21218,,-144.19139,61.5175,1200.0,1993-07-01,2006-07-31,1993-07-01,2006-07-31
528,SISIAK ALASKA,83149,,-160.3956,67.995,1823.0,2012-08-03,2025-03-16,,
529,SITE SUMMIT ALASKA,65798,,-149.52831,61.2583,3924.0,2000-10-21,2011-11-16,,
530,SITKA 1 NE,32973,,-135.3266,57.0574,78.0,2005-08-16,2025-03-17,,
531,SITKA AIRPORT,20513,PASI,-135.36703,57.04746,20.0,1944-09-01,2025-03-16,1944-09-01,1998-05-31
532,SKAGWAY,29638,,-135.3136,59.4547,35.0,1898-11-01,2025-03-14,1898-11-01,2025-03-14
533,SKAGWAY 6NE,31092,,-135.2319,59.5272,937.0,2002-03-21,2015-10-31,2000-12-01,2014-08-06
534,SKAGWAY AIRPORT,30840,PAGY,-135.32768,59.45383,24.0,1999-05-01,2025-03-16,,
535,SKAGWAY AIRPORT,29639,,-135.32768,59.45383,24.0,1965-07-01,2025-03-07,1965-07-01,2001-06-30
536,SKILAK GUARD STATION ALASKA,65799,,-150.4606,60.4839,590.0,2000-05-08,2025-03-16,,
537,SKWENTNA,20806,PASW,-151.2169,61.9772,150.0,1939-07-01,2016-09-30,1939-09-01,2016-09-30
538,SLANA AIRPORT,29826,PADT,-143.98,62.7,2395.0,1957-06-21,2007-11-30,1957-04-01,2007-11-30
539,SMALL ARMS RANGE ALASKA,82941,,-147.6167,64.8,490.0,2004-12-06,2025-03-16,,
540,SNETTISHAM POWER PLANT,20545,,-133.73849,58.1421,29.0,1964-09-17,2025-03-17,1964-09-08,2025-03-17
541,SNIPE LAKE ALASKA,82818,,-154.32001,60.6103,2300.0,2008-06-07,2025-03-16,,
542,SNOWSHOE LAKE,20810,,-146.69299,62.0302,2312.0,1963-10-01,2011-10-31,1963-10-01,2011-10-31
543,SOLDOTNA 5SSW,31841,,-151.13361,60.4194,180.0,2004-06-01,2024-07-31,2004-06-01,2024-07-31
544,SOLDOTNA AKKKS ALASKA,82952,,-151.01421,60.4967,155.0,2012-06-07,2025-03-16,,
545,SOLDOTNA AP,33054,PASX,-151.03416,60.47583,113.0,2024-08-20,2025-03-15,,
546,SOURDOUGH 1 N,20844,,-145.51666,62.53333,1960.0,1971-09-29,1996-09-30,1971-09-29,1996-09-30
547,ST GEORGE ISLAND AIRPORT,30950,PAPB,-169.66264,56.57484,105.0,1996-10-05,2024-10-24,,
548,ST MARYS AIRPORT,21142,,-163.3,62.06667,320.0,1980-09-16,1991-06-30,1980-09-16,1991-06-30
549,ST MICHAEL AIRPORT,79440,PAMK,-162.11,63.49,92.0,2024-06-25,2025-03-16,,
550,ST. PAUL 4 NE,32960,,-170.2119,57.1575,20.0,2005-10-28,2025-03-17,2019-12-06,2023-12-19
551,STAMPEDE ALASKA,83031,,-150.328,63.7478,1900.0,2004-09-02,2023-06-22,,
552,STERLING 6SW,79808,,-150.91879,60.4905,292.0,2012-08-01,2025-03-17,2012-08-01,2025-03-17
553,STONEY ALASKA,65807,,-153.8958,61.0008,1250.0,1992-06-23,2025-03-16,,
554,STONEY RIVER ALASKA,65808,,-156.4333,61.6467,265.0,1990-09-24,2020-10-08,,
555,STUART CREEK ALASKA,83135,,-146.50439,64.7189,1543.0,2004-12-30,2025-03-16,,
556,SUGARLOAF MTN,77603,,-146.3,61.08,550.0,2007-07-15,2025-03-15,,
557,SUMMIT CREEK,77620,,-149.53,60.62,1400.0,2001-08-08,2025-03-15,,
558,SUMMIT LAKE,20869,,-145.54083,63.14833,3250.0,1967-12-01,1998-01-31,1967-12-01,1998-01-31
559,SUSITNA LANDING,31554,,-150.09889,61.91278,148.0,2003-06-01,2011-04-30,2003-06-01,2011-04-30
560,SUSITNA VALLEY HIGH,77634,,-150.03999,62.13,375.0,1996-10-14,2025-03-15,,
561,SUTTON 1 W,20775,PAJV,-148.9088,61.7138,550.0,1978-01-01,2011-11-01,1978-01-01,2011-11-01
562,SWANSON RIVER ALASKA,65810,,-150.87219,60.7278,280.0,1990-05-21,2025-03-16,,
563,Skagway Area,80224,,,,,1898-11-01,2025-03-07,1898-11-01,2001-06-30
564,St Paul Island Area,32863,,,,,1892-09-01,2025-03-16,1918-07-01,2020-04-30
565,T LAKE ALASKA,65814,,-143.8167,63.7533,2073.0,1990-09-24,2020-09-02,,
566,TAG MTN ALASKA,83111,,-158.66,66.1808,2017.0,2010-06-18,2022-10-04,,
567,TAHINICHOK ALASKA,83141,,-163.5672,67.5503,966.0,2011-09-30,2025-03-16,,
568,TAHNETA PASS,20791,,-147.55,61.81667,2620.0,1978-04-01,2000-09-30,1978-04-01,2000-09-30
569,TALKEETNA AIRPORT,20835,PATK,-150.09744,62.31978,350.0,1918-06-18,2025-03-16,1918-08-01,1998-03-30
570,TANA KNOB ALASKA,83107,,-142.6978,60.9081,3450.0,2004-12-05,2025-03-16,,
571,TANACROSS,20880,,-143.34833,63.37833,1541.0,1904-05-01,2004-08-24,1904-09-17,2003-07-31
572,TANANA AIRPORT,20975,PATA,-152.10677,65.173,225.0,1902-10-01,2025-03-16,1902-10-14,2025-03-16
573,TATALINA RIVER,29424,,-148.24861,65.38444,950.0,1999-04-01,1999-11-30,1999-04-01,1999-11-30
574,TEBAY ALASKA,82761,,-144.4003,61.1881,2000.0,2004-12-05,2023-09-26,,
575,TELAQUANA LAKE,77642,,-153.92,60.98,1275.0,2014-07-13,2025-03-15,,
576,TELIDA ALASKA,65812,,-153.3567,63.44,650.0,1991-05-24,2025-02-14,,
577,TELLER AIRPORT,79709,PATE,-166.35001,65.233,292.0,2017-05-21,2025-03-13,,
578,TEUCHET CREEK,77599,,-145.52,64.95,1640.0,1981-09-30,2025-03-15,,
579,THORNE BAY,79815,,-132.5246,55.6918,286.0,2007-08-25,2025-03-17,2007-08-25,2025-03-17
580,THORNE BAY ALASKA,65813,,-132.98331,55.75,1800.0,1989-09-25,2025-03-16,,
581,TOK,20879,,-143.0372,63.3337,1625.0,1954-06-11,2017-08-27,1954-06-11,2017-08-27
582,TOK #2,40827,,-143.0058,63.3155,1658.0,2010-01-01,2025-03-17,2010-01-01,2025-03-17
583,TOK 70 SE,62508,,-141.2083,62.737,2000.0,2011-09-26,2025-03-17,,
584,TOK AKTAS ALASKA,82868,,-143.00169,63.3253,1702.0,2012-06-14,2025-03-16,,
585,TOK D O T,28899,,-142.99722,63.32833,1640.0,1997-02-01,2009-03-31,1997-02-01,2009-03-31
586,TOK FORESTRY,40575,,-142.99556,63.32694,1636.0,2009-08-11,2013-11-07,2009-08-19,2011-08-01
587,TOK RIVER VALLEY ALASKA,65815,,-143.34669,62.9572,2300.0,1999-08-04,2025-03-16,,
588,TOK SCHOOL,20875,,-142.95778,63.33306,1635.0,2002-09-10,2017-08-27,2002-09-10,2017-08-27
589,TOKLAT ALASKA,82794,,-150.0433,63.5242,3100.0,2004-12-05,2025-03-16,,
590,TOKOSITNA VALLEY,77633,,-150.78,62.63,850.0,2006-06-30,2025-03-15,,
591,TOKSOOK BAY AP,33566,PAOO,-165.08722,60.54139,59.0,2019-12-17,2024-09-07,,
592,TONSINA,20771,,-145.1702,61.651,1579.0,1907-04-01,2014-12-02,1907-10-01,2014-10-31
593,TOOLIK LAKE 5 ENE,83733,,-149.39861,68.6483,2461.0,2017-08-23,2025-03-17,,
594,TRAPPER CREEK 10W,31851,,-150.53778,62.33389,815.0,2004-10-25,2005-02-28,2004-10-23,2005-02-28
595,TRAPPER CREEK 7SW,29086,,-150.42278,62.26222,425.0,1997-12-01,2008-06-30,1997-12-01,2008-06-30
596,TURNAGAIN PASS,77617,,-149.17999,60.78,1880.0,1983-01-06,2025-03-15,,
597,TUTKA BAY LAGOON,20592,,-151.4136,59.43556,63.0,1979-08-02,2003-12-26,1979-08-01,2003-12-31
598,TWO RIVERS,21215,,-146.95416,64.86556,605.0,1992-12-01,2017-12-20,1992-12-01,2013-05-08
599,Talkeetna Area,32870,,,,,1918-07-01,2025-03-16,1918-08-01,1998-03-30
600,UMIAT,21076,PAUM,-152.14,69.36944,266.0,1945-04-01,2001-04-30,1945-05-01,2001-04-30
601,UMIAT AIRFIELD ALASKA,82749,,-152.13609,69.37,289.0,2005-12-31,2025-03-16,,
602,UNALAKLEET FIELD,20898,PAUN,-160.8,63.88333,18.0,1941-09-01,1998-10-30,1941-09-01,1998-10-30
603,UNIVERSITY EXPERIMENTAL STATION,20955,,-147.86099,64.8569,475.0,1904-09-04,2025-02-28,1904-09-01,2025-02-25
604,UPPER CHARLEY RIVER ALASKA,82944,,-143.20219,64.5167,3654.0,2004-12-05,2025-03-16,,
605,UPPER CHENA,77593,,-144.92999,65.1,2850.0,1987-04-30,2025-03-15,,
606,UPPER NOME CREEK,77607,,-146.59,65.37,2520.0,2006-08-01,2025-03-15,,
607,UPPER TSAINA RIVER,77595,,-145.64999,61.19,1750.0,2003-12-24,2025-03-15,,
608,UTQIAVIK FORMERLY BARROW 4 ENE,31727,,-156.61099,71.3213,15.0,2002-08-10,2025-03-15,,
609,VALDEZ,79397,,-146.3822,61.1312,62.0,2012-10-01,2025-03-13,2012-10-01,2025-03-13
610,VALDEZ 18E,31257,,-145.78917,61.11194,590.0,2001-09-01,2009-04-30,2001-09-01,2009-04-30
611,VALDEZ MUNICIPAL AP,29830,PAVD,-146.2435,61.1315,60.0,2002-02-01,2013-03-06,2002-02-01,2013-01-07
612,VALDEZ WSO,29831,PAVW,-146.3517,61.1303,95.0,1917-05-01,2015-11-13,1917-06-01,2015-11-13
613,VUNZIK LAKE ALASKA,65824,,-146.71581,66.7981,525.0,1994-08-02,2025-03-16,,
614,WAINWRIGHT AIRPORT,30926,PAWI,-160.01314,70.63678,41.0,1998-09-11,2024-09-08,,
615,WALES,21000,KWAA,-168.09917,65.62389,25.0,1925-10-10,1995-08-31,1925-10-10,1995-08-31
616,WALES AIRPORT,79422,PAIW,-168.10001,65.617,23.0,2017-08-14,2025-03-16,,
617,WALLY NOERENBERG HATCHERY,31409,,-148.0872,60.7986,35.0,2002-07-19,2025-02-28,2002-07-01,2025-02-28
618,WASILLA 3 S,20745,,-149.43333,61.53333,50.0,1944-10-18,1999-06-30,1944-11-01,1999-06-30
619,WASILLA 4N,32989,,-149.41917,61.65083,486.0,2006-04-01,2006-11-30,2006-04-01,2006-11-30
620,WEIN LAKE ALASKA,65826,,-151.0833,64.315,1050.0,1988-05-27,2023-08-29,,
621,WHITE MOUNTAIN,20942,PAWM,-163.39999,64.68333,20.0,1922-01-05,2025-03-16,1922-01-14,1990-05-31
622,WHITES CROSSING,20779,,-149.9977,61.7066,270.0,1971-01-29,2009-10-30,1971-01-29,2009-10-31
623,WHITESTONE FARMS,28900,,-145.8894,64.1539,995.0,2003-07-21,2025-03-16,1996-12-01,2025-03-16
624,WHITTIER,20670,,-148.68584,60.77639,60.0,1942-03-01,2011-06-30,1942-03-01,2011-06-30
625,WIGAND ALASKA,83140,,-150.05,63.8122,1720.0,2004-09-02,2025-03-16,,
626,WILLOW 4SW,31941,,-150.11389,61.70639,213.0,2004-06-01,2005-04-30,2004-06-02,2005-04-30
627,WILLOW ALASKA,83024,,-150.05029,61.765,210.0,2005-12-31,2023-12-11,,
628,WILLOW WEST,20784,PAUO,-150.05409,61.748,205.0,1989-12-01,2011-09-25,1989-12-01,2011-09-25
629,WISEMAN,21043,,-150.10957,67.40822,1181.0,1919-11-01,2025-03-17,1918-11-01,2025-02-25
630,WONDER LAKE,20887,,-150.86972,63.49028,2100.0,1925-01-18,2017-09-20,1925-02-01,2017-09-20
631,WONDER LAKE ALASKA,65827,,-150.8714,63.4903,2120.0,1995-07-24,2025-03-16,,
632,WRANGELL AP,29707,PAWG,-132.38741,56.4732,56.0,1917-11-02,2025-03-16,1917-12-05,2013-02-19
633,YAKUTAT 3 SSE,80200,,-139.685,59.5087,26.0,2016-10-13,2025-03-17,,
634,YAKUTAT AIRPORT,20602,PAYA,-139.67104,59.51211,41.0,1917-04-01,2025-03-16,1917-04-01,2024-07-06
635,YAKUTAT POWER,94427,,-139.85556,59.72861,71.0,2019-12-01,2020-03-01,2019-12-01,2020-02-12
636,YANTARNI BAY ALASKA,83027,,-157.03329,56.9144,96.0,2010-08-26,2025-03-16,,
637,Yakutat Area,32886,,,,,1917-05-01,2025-03-16,1917-08-01,2024-07-06
638,ZAREMBO ALASKA,65829,,-132.8486,56.3,1100.0,1989-09-25,2024-08-21,,
