# Correlations between TDD anomalies on April 15, and breakup day 
# For all selected sites and stations
# 
location,ALYESKA,ANCHORAGE_MERRILL_FIELD,ANCHORAGE_TED_STEVENS_INTERNATIONAL_AIRPORT,AUKE_BAY,BARROW_AIRPORT,BETHEL_AIRPORT,BETTLES_AIRPORT,BIG_DELTA_AIRPORT,CHICKEN,COLD_BAY_AIRPORT,COLLEGE_OBSERVATORY,CORDOVA_AIRPORT,DUTCH_HARBOR,EAGLE,FAIRBANKS_INTL_AP,GULKANA_AIRPORT,HAINES_AIRPORT,HOMER_AIRPORT,ILIAMNA_AIRPORT,JUNEAU_AIRPORT,KENAI_AIRPORT,KETCHIKAN_AIRPORT,KING_SALMON_AIRPORT,KODIAK_AIRPORT,KOTZEBUE_AIRPORT,MCGRATH_AP,MCKINLEY_PARK,NENANA_MUN_AP,NOME_AIRPORT,NORTHWAY_AIRPORT,NORTH_POLE,SAINT_PAUL_ISLAND_AIRPORT,SITKA_AIRPORT,SKAGWAY_AIRPORT,TALKEETNA_AIRPORT,TANANA_AIRPORT,YAKUTAT_AIRPORT
Buckland River at Buckland,0.20023816816956602,0.7196815506963515,0.23222290934204054,0.9087203533175242,1.0,0.04035622855398979,0.5949758489173422,0.08292313948619179,0.39052639846648013,0.060352996103531814,0.05342027100196347,0.08373533938091661,0.1025704186989938,0.16302744012383552,0.03469309355122995,0.0677813830328342,0.46253681164603533,0.12227654025657672,0.11608118153886253,0.7094072594446644,0.0810499510854262,0.343687484550488,0.09326538253783744,0.1686838026941311,0.78427728497529,0.06895941854892675,0.061986714896715964,0.14717302721625816,0.44325223824213517,0.04594555472915909,0.0859798329729411,0.22954828910329247,0.3871771998928946,0.34577696188026086,0.08154464652330032,0.47502061342547663,0.2013950280282072
Chena River at Fairbanks,0.05545243812260292,0.07635324503841157,0.012411042235543438,0.06641568044204826,1.0,0.021534092486794998,0.2761489933454752,0.006839453071775254,0.1279478742516918,0.03641594561094826,0.00017220231659869026,0.015151293009005085,0.30351606316444235,0.053631718639185144,0.0002280188140169182,0.0509983861633399,0.06817080446851329,0.058932229262085405,0.043837301069879195,0.04298227406713105,0.02877741221736824,0.15881927471129634,0.005950246399044723,0.0409007820787635,0.5303044782194211,0.0032045352320969455,0.05525558691876583,0.032048303140286206,0.010969964431139352,0.20817225930034305,0.0012293605549500875,0.3787105529146038,0.02945162153861867,0.07914130996215141,0.010875933301716257,0.05739494749277619,0.06633470158437516
Chisana River at Northway,4.892351894337843e-07,9.901380057493136e-06,5.999157374758972e-07,0.0073672970056815,1.0,0.0003683453259485637,0.05374304159760636,1.7632854675727923e-05,8.932832132341574e-06,0.007974018647041179,6.966039063007755e-07,0.000220467134583002,0.14868180517547638,1.4577447015805922e-05,2.9321449750465476e-08,4.740094541527816e-07,0.00033077315012534816,2.462105388394838e-05,1.5670249576677197e-05,0.00037376797036588704,0.00013011048584248428,0.00010218132125766777,9.002738477540035e-06,0.0035630188647486493,0.0740157825843986,0.00018008286843778216,1.0038180570611789e-05,0.0004514977852096021,0.03924868021117138,6.680730903048406e-06,8.489446492534746e-07,0.05160027130677622,0.000677650051245981,1.2470395873028834e-05,2.1805182027410143e-07,0.005923409574947726,0.001339872265518708
Gakona River at Gakona,0.26621906354304975,0.5368549252052914,0.15450701373702921,0.24606473830862258,1.0,0.5337065370308812,0.927682366659698,0.511205438039431,0.6517281067265924,0.26648298034020673,0.21163818174149665,0.12002363690707256,0.18665946961582638,0.4621691237621901,0.1875777060861833,0.36841597344272164,0.290594655555215,0.2189299561472368,0.3564106113273498,0.38747372397560303,0.14619503800698858,0.5175592979146406,0.19627197922262704,0.30793282344619044,0.8309753229518712,0.2547082304587321,0.4415413846798265,0.23964060947094715,0.9871342159771254,0.25733296683533424,0.18296451195970825,0.05653194068427504,0.19074211417834913,0.4347970362508647,0.045725482126235964,0.5241497844818759,0.27825466301288493
Gulkana River nr Gakona,0.4442110813663271,0.6026949334599752,0.31414456129475965,0.6604854667789375,1.0,0.8291461624026102,0.5730325265543712,0.3334625731357712,0.4260438795060141,0.18452311773447633,0.22648011802712575,0.29736522068578125,0.2077993952856522,0.8181662792659457,0.18862187760819682,0.15027236942510136,0.33495345164582685,0.5317984669563531,0.5681949130539393,0.6182252545229644,0.6270011088825315,0.7637712474833965,0.35850819151031094,0.4006954478218083,0.9009828296274071,0.25735913749045747,0.3094501827038438,0.30174813571510756,0.9205449864409262,0.017863111719228875,0.09514609367314682,0.06419527017883632,0.7368819451341686,0.37659883859463894,0.1149492029048694,0.5091373266367644,0.7326025552375827
Kobuk River at Ambler,0.11118421985558345,0.2777989849761306,0.02458857679635146,0.6829724967268028,1.0,0.023772672044524743,0.4511068270931347,0.0112616035458188,0.07928564071210417,0.06495113402111564,0.05325696489215654,0.0454342581242117,0.05304183159071002,0.034604145736477424,0.007634087656890147,0.0036361481644946966,0.20593135819538277,0.02093630053346687,0.04161745272352719,0.23568531138264376,0.008055453981313394,0.18162817966800773,0.02354943749638042,0.05797791840019873,0.5313573449972528,0.19935323213729114,0.014386699102407238,0.14958008932642838,0.2734207609068862,0.007647389427043596,0.09152772165690085,0.3267261235491716,0.11628112141254418,0.035244679597406035,0.019674822296611615,0.4974584123310104,0.07120232043209647
Kobuk River at Kobuk,0.1441501948376979,0.32059858739663066,0.14286631704558403,0.8035828515535689,1.0,0.051469879499125286,0.7066848845921797,0.060124161685143826,0.18685348914061192,0.3479613775592448,0.07205674279928463,0.06498425365893752,0.3709859550734028,0.015007808848911156,0.019591944127464088,0.046306826479234085,0.34126026849830154,0.10187916553293422,0.18693434988018878,0.3595085043544735,0.015292282114798742,0.24550592640759408,0.16270531050856488,0.24630553789128132,0.9952138884026257,0.08003459678443313,0.11469151408271124,0.14599916177391298,0.4930746441141524,0.0291837290261006,0.11314199756339617,0.4904324544342717,0.1966030028319514,0.21207089871495646,0.0244198610775551,0.3222219316914025,0.1169877444353654
Kobuk River at Shungnak,0.1539494541305667,0.2224070290603071,0.1667559818062414,0.7068058675526915,1.0,0.04984820265381807,0.029418211010013576,0.0022706979983431463,0.0853322330275736,0.23713179239077115,0.009321544707866041,0.07814762248375742,0.10013290738138007,0.04394972056303385,0.003312499619187808,0.024997253776100507,0.23883682472547715,0.12629790247809708,0.21307830524976487,0.3841874131965602,0.013894780179449139,0.2551079843000946,0.18650627297121178,0.15184932083116862,0.19766170984291498,0.04154571918504623,0.01853313848062382,0.040071208663069444,0.5015858557275832,0.00822170361601831,0.008613564629732546,0.2462751265349562,0.21274517033115983,0.0880450665690291,0.014312984190297782,0.0873052860424948,0.1806207680456819
Koyukuk River at Allakaket,0.04088012814253306,0.28866621033680034,0.03271477813453837,0.669996240532301,1.0,0.023460979011922144,0.3596451582185075,0.03461197897686269,0.24658123893936792,0.250243925126076,0.11132024862637793,0.019378016466545182,0.36648299350738844,0.0031763499126382486,0.018167970694378765,0.04094817939783486,0.27222967862346725,0.030729573275356484,0.05228258233009943,0.19717005067244495,0.0018434842335429856,0.21762457159180248,0.06932599933712581,0.14493300848529211,0.19529780731769195,0.14441922944628305,0.024535935142955462,0.06119228375369019,0.14360290607497042,0.07647834357215376,0.17018216671816455,0.5535612719204653,0.1378709178419198,0.10172856904542327,0.029242650112804015,0.2934076790639979,0.10594302230616508
Koyukuk River at Bettles,0.18265941370615935,0.48872574333954005,0.4016984512347511,0.8124933969376906,1.0,0.18279107628673272,0.1231970390314775,0.30370203859655565,0.48738281022060853,0.9251594594738612,0.18416431053722884,0.13651657764251163,0.6573642429346468,0.06909522087873252,0.052185360867820794,0.34471328150567704,0.4908105682652808,0.2726242766329958,0.3403623605810007,0.616052150153945,0.022125286278597958,0.3271638075870951,0.3306535039098476,0.3610576767992661,0.2325054539656692,0.1963071428820497,0.4499983828640102,0.5376254902481878,0.3054681381992429,0.20195536201165964,0.2825110001406615,0.8471230378942248,0.35496495637689246,0.3448260286097053,0.2295127290893042,0.33757771850370355,0.35625189604922897
Koyukuk River at Hughes,0.0915059355381745,0.39928879498315956,0.0867516322798999,0.7893799290099416,1.0,0.06434768505988138,0.21453340057220455,0.1229781799271042,0.30358595764737323,0.7300102369154632,0.10503237616410775,0.04074736678325587,0.4017875497380808,0.038781234988390305,0.020356013929990233,0.13700178341229285,0.22819361701225127,0.11119363717628272,0.2247237575395748,0.19710433207239858,0.025326913225985435,0.2551917948680181,0.16118911828094878,0.402812513237365,0.26097897301826495,0.10988875241714054,0.19583588423573503,0.23831072435782247,0.10877336016093063,0.11776225993966492,0.14909033018490564,0.87371335743075,0.15485445261314856,0.13271245605008541,0.04503676233278133,0.2707554195805724,0.17201313468369764
Kuskokwim River at Akiak,0.00021887449964234074,0.0044526521239691644,5.595934659950168e-05,0.32422225088183004,1.0,3.1034462318786653e-08,0.03469226741837925,7.774235948638477e-05,0.0014756198316016587,0.0032911255131811016,1.9509773035795782e-05,0.00012621420036630136,0.08046810947619831,1.2113285848998139e-05,6.424109535958075e-06,0.00026889648362834903,0.02335173620321897,0.00046125487733450607,4.9367867281766806e-05,0.02098435484026962,0.00016337919477853627,0.007704915887509686,5.854057396051838e-06,0.0035894630463077486,0.03455383732219969,5.141503450682841e-06,1.591825280775029e-05,0.0022389107057391674,0.0005762826177551835,0.00022186035719434538,2.7595459673182523e-05,0.016571318291324022,0.004016660081413777,0.002458170344141262,1.4626801532964798e-06,0.003996328750184063,0.0016942050196865283
Kuskokwim River at Aniak,0.0007598985445945102,0.01739801130911321,0.0017710925356082185,0.4082931266507881,1.0,2.4310180114708215e-06,0.02168234719503642,0.0003681392288839023,0.004680688529140509,0.012143013896217811,1.810511320260764e-05,0.0015371195991201137,0.047975774408222815,0.00020342105282137503,1.0965778170016832e-05,0.0018006805551627062,0.0713147362213265,0.0026305571018151197,0.0008597830000593632,0.038735378132272125,0.0010617559911838836,0.04179360675079055,0.00019264150328222364,0.011893705082083803,0.19523827079915995,3.227854886532579e-05,0.00046282436867167134,0.026795004637937016,0.005697092315075131,0.0012222218865854601,7.301563426872007e-05,0.1391421963686751,0.015339967533272526,0.012118557726610692,2.459156809466178e-05,0.003849316508162099,0.00616124439196782
Kuskokwim River at Bethel,1.4442853419779144e-05,0.0011448872477294162,3.1319958806478504e-05,0.24633551652334837,1.0,2.2357534746639757e-10,0.1801616806153258,2.548894196245415e-06,0.0002822823130875687,0.0004070407632665235,2.694705622321212e-06,9.852663027558702e-05,0.03465652631973404,6.776803699910358e-07,4.302446343141848e-07,9.333849710855297e-06,0.012738533768469758,2.53463688589436e-05,3.5298744646132874e-06,0.014925804405772803,2.913372867429999e-05,0.008866661817148644,2.5232877127626028e-06,0.0014639806916823298,0.05651094537025428,4.10533281484019e-05,7.394043470093689e-08,6.207225649180952e-05,0.005426047162310341,1.1249514865379172e-06,1.1849996953842478e-06,0.00259517963231967,0.00213292652471708,0.002091901716768269,1.9180118187002164e-07,0.01963746723448409,0.00036132066724270986
Kuskokwim River at Crooked Creek,0.0030640259752354286,0.00971765182001204,0.008570734273637862,0.8631455260879648,1.0,0.00022585980268142425,0.11354141461416635,0.005528020654096589,0.01487173026605766,0.004424274023459893,0.0002695459195645268,0.007306908497072947,0.018929837189772997,0.002835823706014723,0.00025366218865027827,0.010461701652479304,0.0896327097817202,0.005448324550368388,0.001632292882456515,0.20846635039347358,0.0016830517568562971,0.05380317681235203,0.0005540563469804919,0.008482968852345061,0.25997172532913637,2.5653423417606488e-05,0.003815647997500615,0.02082798830987545,0.0800699994606739,0.0014146223336598172,0.0012725494453269095,0.002034371566350923,0.039736761774756865,0.041934413360006806,0.0004974214956398465,0.03152978388570243,0.028725813395977823
Kuskokwim River at Kalskag,0.0007052271936084539,0.003071667475087573,0.0001956601682814841,0.14048335767268197,1.0,4.802993189706349e-06,0.02451152754516925,0.00013420156861708167,0.0014528290560126141,0.008379594001057616,1.0057968008182169e-05,0.00026703706247161206,0.3484095518200457,0.00011968987999510655,7.674864672184469e-06,0.0007157859361136677,0.005245970295007919,0.0010740404557936687,5.444428056033928e-05,0.003222931613059697,9.937444322143866e-05,0.0007903246272920545,5.264929604710473e-06,0.0007455592384161798,0.07333901029133061,3.017328707126256e-06,0.00010132801729183873,0.007091322332640485,0.001158628568137864,0.0010709040170901562,3.113962809289371e-05,0.12643388876685643,0.0013671820233833877,0.0005541554836065316,4.856706607026685e-06,0.0021735919121834224,0.001115153433849817
Kuskokwim River at McGrath,0.0012665588944015247,0.018050219177493946,0.00608980005742432,0.21375391906715002,1.0,0.0001218472006431616,0.00811124121220299,5.155178545743185e-05,0.015201882547636117,0.05699000272314019,1.1339601398918611e-05,0.0028918636204985455,0.1784629305551429,0.0002097495304600898,5.3036405354876035e-06,0.0028870875396507967,0.06422195489746813,0.007621799988226522,0.0028861974580792677,0.06543765144350074,7.232294311634881e-05,0.06613808985871814,0.003163273748076748,0.027554018132076728,0.011727950469552271,1.8422852418684454e-05,0.0004625773272819104,0.005970847474420428,0.010696666955917032,0.0016947938505465071,2.6241768436184803e-05,0.1708496531250626,0.02931051658536528,0.028337192005771287,7.273351553574719e-05,0.0019083684388976467,0.008038182965095994
Kuskokwim River at Nikolai,2.862520921861225e-06,1.1925135473315888e-05,4.3675824684603035e-05,0.008642766864562954,1.0,3.6250696709736175e-05,0.03313377141943701,2.9860391300516907e-08,0.00015947284250973173,0.00721263281518187,7.448643615433439e-09,6.611404196728071e-05,0.12635989869753217,4.429887327672404e-06,1.7581571428855938e-08,1.244536723679211e-05,0.002598228103118799,7.975051816852633e-05,1.1519148301196924e-05,0.0026939308492611256,4.869230697448996e-07,0.006547094552675789,0.00011080623084390772,0.0003879217005964448,0.0863485319647456,1.4051298776186423e-06,3.4612846455854237e-06,9.687888591351063e-06,0.04746833620188942,8.332386814610207e-05,2.199240488876265e-08,0.0262044104625523,0.0018113696793712606,0.0024147547408917736,5.1621245411929035e-08,0.001160778254039781,0.00012249295081887657
Kuskokwim River at Red Devil,0.0032305468598666587,0.030706854726860817,0.006376643307326773,0.7550619160606966,1.0,0.0002707953563287878,0.1034229524312612,0.004469628246588302,0.02032418853870561,0.012691753208624593,0.00013497201453455026,0.0049404416427391564,0.07664859417787924,0.002271377202693482,9.149278302110592e-05,0.0024803851583284644,0.0977906363209358,0.005429587292766792,0.0015663312041725142,0.13577656066217703,0.0005296221004788035,0.027781692884067104,0.0007584676813149655,0.0059248214222088,0.14537831882913105,4.219781611742355e-05,0.0032012781096821172,0.019293410094939546,0.06068302015584918,0.000879971088898509,0.0009870882110460384,0.011586628888625678,0.024729177546692634,0.03949464644197645,0.00010254739548378803,0.02055416474405963,0.014922405629507958
Kuskokwim River at Sleetmute,0.004038074464009568,0.005529209959122543,0.012079453173878311,0.8436796776161068,1.0,0.0005318787676207501,0.008388502543370964,0.0005161113796754231,0.005390636919351506,0.01758550213440242,1.8406672072901278e-05,0.019605408669061623,0.23110452332771034,0.0005292580479075085,2.6198858917752513e-05,0.0020593352880450833,0.13302506300669356,0.015190940577833939,0.0027931579041168856,0.13625988360741373,0.000902658756519017,0.0736616601417363,0.0014081136945964428,0.003941976883859627,0.07807333030852799,4.9811187461282636e-05,0.002510406046413135,0.02176817531741113,0.07173089013781217,0.0009596481404072738,6.437201096069379e-05,0.062467745680842034,0.08197338364185862,0.027840814098226335,0.0002245875926552682,0.004489269655445849,0.02919458088157477
Kuskokwim River at Stony River,0.008308375123060135,0.020080325541825962,0.030806140793925376,0.9343704680704189,1.0,0.000683827107470379,0.06373472665013268,0.0019799444084427132,0.02017179782453621,0.04533186082867927,0.0003590429735299324,0.04510845281043671,0.0625204430141294,0.0011197037054705601,0.0002848672226616757,0.006317447733401355,0.20401789288981761,0.032736615630553315,0.013272113547202674,0.4211681099569549,0.0015132504563359472,0.26971198424130255,0.011559940654383183,0.03621368714775732,0.0817010990175272,0.0003101310278232706,0.005431057458087665,0.01740163581210334,0.11033020632725836,0.004501716885480431,0.0009035423416146225,0.06787280204827122,0.24870957502093355,0.08729322303397477,0.0008547161958731302,0.022091597663313044,0.06398575246435012
Kuskokwim River at Tuluksak,0.0038361572572328108,0.0032580888735766595,0.009606650285590301,0.6982779721627598,1.0,1.0347843347941743e-05,0.06615208268555368,0.001910886606114298,0.004319685754445606,0.014282976916261281,0.0008179017305509518,0.008074488022886961,0.22356395404053625,0.0010171326789021283,0.0003772965824813914,0.004296913347768793,0.048529968634353104,0.007574791526508833,0.001663083581572428,0.06381378980435065,0.000722496668638304,0.008525641751898882,0.0011307575929865193,0.0012826191969496927,0.06336503485481278,7.987924745252421e-05,0.002268170073757495,0.008641631954977932,0.022136852221894286,0.0014019748549720524,0.00120789844767,0.048914118725575925,0.0069867806501092795,0.02449586682723659,0.0003022572889548472,0.013623021601164277,0.0074567409634184465
Susitna River at Sunshine,1.4765364796607642e-05,0.00045378679589935957,8.839709125538254e-05,0.007689891922570975,1.0,0.0003421759273431903,0.05799110002161601,1.4904775087430435e-06,0.00029086844318424707,0.1642111361347822,2.187687360399441e-05,0.00018413505433938495,0.48772857069158976,0.00026216369856576723,2.431923413517193e-06,2.7254097649126387e-06,0.0015091284534662392,0.0012037924399953197,0.00030465461664960276,0.00102756560852471,0.00010637242737475614,0.00045853040203502996,0.0007606942806049947,0.022729861413004825,0.006464047546711855,0.0010899487197614563,9.721369321683286e-06,0.001523338917342358,0.056215112417934546,3.0214470138861643e-06,3.152222802307994e-07,0.20150194618300757,0.0014952356363980529,0.0003902433035050989,2.536944468713452e-07,0.016835317079621954,0.0003653998915541588
Tanana River at Nenana,0.00013663727423899523,0.008963356152806702,0.001265044707108274,0.05863817316220149,1.0,4.041423921205581e-05,0.019320224772537583,2.020634595944317e-06,0.003852386752695688,0.039119266629501624,1.2335198337595462e-07,0.0011059526853554142,0.2816216325433992,2.931500378648991e-05,7.183809445157093e-08,0.0005853615256052488,0.024556998405109998,0.0020490775455601984,0.000801538280457604,0.014981295754111355,0.00011174653770522622,0.03818070066024348,0.001472862146282984,0.01902464634850062,0.05388366319767503,7.075332541993632e-06,2.3067953255468537e-05,0.0002885138721548717,0.02722501760626394,0.0003995364693216109,8.173343669668134e-08,0.1446255090189759,0.014192600681144881,0.008174073790563483,5.681448033280203e-06,0.0007328062118642577,0.0033432321140627196
Tanana River nr Manley Hot Springs,0.02328960161356698,0.05217903407621512,0.010849764814510422,0.056146652542012274,1.0,0.003999952025816204,0.023837985557917322,0.0029636319672459825,0.09100706806514443,0.0665138845810061,0.00032622495270684377,0.023682138952028205,0.18803682600679203,0.00523770189821155,0.00032142731231025274,0.04213215740338582,0.07078037101471972,0.033584431028261336,0.0251772703707787,0.04897839959103129,0.013195880589695815,0.07449431269156924,0.005086208999456071,0.06424299477348332,0.18015627085924388,4.4858123936931826e-05,0.035267290063282844,0.051083340704608404,0.0025960287045682993,0.15995066348737239,0.0030489602513947933,0.3889942380067474,0.048819984333153384,0.03661307936414581,0.0012400343926832382,0.0010666667660337457,0.06575964612090279
Yentna River at Lake Creek,4.7047708374780946e-07,6.88685922853724e-05,2.1109198826264168e-07,0.006693946314689994,1.0,1.0938216688906902e-05,0.3268516556859284,1.0552009983980336e-07,3.475587160007591e-05,0.03799710429573528,3.04288448841919e-06,1.0678648966255162e-06,0.5512104165067444,8.94664575756885e-06,1.0333519133226903e-07,3.939854197701705e-08,0.00014753659517138077,2.886569768893749e-05,8.673900666246914e-07,2.285703285296781e-05,1.0098887290170926e-07,0.00036991942190633915,1.6531229078405924e-05,0.00012091177941280697,0.14124974175562474,0.00026452572519639045,3.197751736031143e-07,0.00016031527454886285,0.056145391387596534,9.89662970332787e-08,3.038766888746688e-07,0.021020666959993894,0.0001311957464102966,2.1693443882417e-06,1.2602995228887505e-09,0.02845279359340866,2.0897665373678913e-06
Yukon River at Alakanuk,0.0069037548399087335,0.07608908723862463,0.02039433092616527,0.8977425593537144,1.0,1.835475340184032e-05,0.1648252532731462,0.0022824675191204465,0.047068956893926296,0.05023858775988716,0.005140272591882222,0.003818189924365559,0.033986100469941424,0.004768439413610392,0.0010303495746203704,0.003974657723302113,0.11047410274354495,0.007894710534690905,0.0032018880212129537,0.17679231219756925,0.0012878582614696769,0.042108202052587314,0.0022191581380551985,0.01705779340052357,0.015773268275490738,0.004942082988792351,0.000674561703902119,0.0058991383737954095,0.0038451157801589974,0.002803864076036467,0.004731622056756857,0.2127128625324294,0.0354300016425657,0.02015092539658333,0.00035506018765207983,0.09128812851286139,0.013223104083240508
Yukon River at Anvik,0.02824283837820916,0.21040339239009884,0.05326900230231543,0.8004434333191343,1.0,0.0015728359905059133,0.03478850087024059,0.0011530569576763535,0.10591621329711003,0.08485212630815987,0.0011502274722738957,0.028996160478636027,0.16828531391673743,0.003875270182032151,0.0004596714119289994,0.011154706912703463,0.14001314691574382,0.06315414788893162,0.024110178647416835,0.2692173591724747,0.004645738767252288,0.06829597918476356,0.017932159241799705,0.10455959166735604,0.03526757786894674,0.0005496724589957657,0.002237825747105055,0.014591389121942007,0.043692727955755795,0.006108563479814652,0.0022898618221785425,0.23182349422433665,0.09693052098540116,0.07564657270686559,0.0019272180054812113,0.005544049123603643,0.07264095543180887
Yukon River at Circle,0.044460848156298034,0.2582315448634304,0.27124275663105135,0.8073990842392653,1.0,0.06785156906073894,0.18525661367637614,0.09727793430730301,0.09787613829289857,0.7128405604152565,0.02330740543143417,0.07001336412013812,0.6910100018179798,0.03555336881622249,0.003999123974241407,0.08540635712633964,0.23068115500948827,0.24615582092508045,0.10023673865624837,0.33285922590039274,0.01770817109674639,0.24044819978466922,0.12460145875483465,0.21112096304126507,0.2275271790888039,0.04620275019627139,0.11670994867417668,0.268198513975874,0.15622133320868692,0.03008991838882585,0.04542808334400717,0.5270196017697262,0.27370697931661375,0.18121993247583756,0.07355750189329456,0.3156761124321902,0.23226238984694558
Yukon River at Dawson,4.730392763795356e-06,0.0005894431966655048,0.0002732051655465622,0.015364596986615832,1.0,0.0011744466872856414,0.1429769032823009,3.649313524748803e-05,0.0003009070464519787,0.19275007619717865,1.584466942190019e-05,0.0001478335603492617,0.46385136361643237,1.4528326197895422e-05,5.816421598999647e-08,3.510600702554563e-05,0.0005001716617173024,0.000926803109852748,0.0001660505226749142,0.0013076269312543927,1.1613756331191866e-05,0.0022639266891044535,0.0005012381583810489,0.018078097122566413,0.24535522243556024,0.0030503568984021974,6.58482708687933e-05,0.0008748930052765318,0.09456537787720835,1.1628650865934163e-05,4.114292007935772e-06,0.288374033826342,0.0026829659819818654,0.0011209567189703355,6.714933051450408e-06,0.05192356448878447,0.000823643340843184
Yukon River at Eagle,0.001892926028501448,0.022637157465639803,0.006502733238645194,0.040551648393020785,1.0,0.01801107355392419,0.027775903296592363,0.002386954952356727,0.03206039114611194,0.4440951347523769,0.00029930620761820583,0.004104599040279184,0.5836412637099744,0.0013265175657717835,2.4625621210063836e-05,0.00868339994359179,0.007791550359901114,0.02370789484651115,0.01092457164083609,0.01814775787930751,0.0005206685081961426,0.025765914867868042,0.010369683942423352,0.09458559350701926,0.24316180901305667,0.0008676539482782225,0.007177158117824551,0.05552140209216979,0.079801619033053,0.009650282964182159,0.0007772136754178893,0.611891470708342,0.019360119750309383,0.024908084735739886,0.0005359137186860236,0.009710337610944345,0.012790158524846561
Yukon River at Fort Yukon,0.07072483161149358,0.21784798529081764,0.293751336214869,0.7467620747721808,1.0,0.16011544803186842,0.22074939176799604,0.1604353782551052,0.22363379790606522,0.7256284726747804,0.05044211905021306,0.08398671385736295,0.6816203427236647,0.05266286354637316,0.007312628363053133,0.12706360947941361,0.18958205885431675,0.2992099856241213,0.16658288625725168,0.3244702803850446,0.018490349911776335,0.2818794017408307,0.19807301392423524,0.22829234784034524,0.541525838715089,0.06382260333622533,0.24696267419461104,0.4756272716409618,0.24048798561203266,0.08198816128870741,0.09420132202369924,0.8161288670167952,0.28749547535407044,0.283236568788573,0.12851865566757806,0.31761184080945065,0.2385195248701743
Yukon River at Galena,0.004704400722880997,0.060536821034748486,0.02570472682954749,0.41543098639523596,1.0,0.0024872061131793097,0.009639573124917323,0.004421100518758462,0.05981707422883668,0.10379625352281634,0.000482790120344319,0.005559848584147202,0.12505074486221185,0.005397865340789658,0.00014077620935791564,0.01828538433338304,0.04728416191357066,0.017608314942383282,0.008754524004955981,0.10243449785358788,0.001932462530595827,0.09511439228080522,0.005142704695110002,0.04354360670694036,0.06268387420153747,0.0011349130607465196,0.010198574083790136,0.08953457167220641,0.018824978847058072,0.007653229643613309,0.0017847560174733498,0.35333647771971893,0.05573244442958894,0.033141944643558414,0.0015290948510975767,0.02219157343215213,0.03829614308341136
Yukon River at Holy Cross,0.0013442237330656267,0.045170700392117326,0.001516414704340444,0.434473973569525,1.0,9.38905350217324e-05,0.2806919136840767,0.000545816683651682,0.008502643997258441,0.022498065865885774,0.0009282788303618803,0.0007064157447010086,0.09687805497177394,0.0013741808147591675,0.0001056368809256772,0.00014138575236483336,0.01777849907974655,0.002578471768862649,0.0007358045886737606,0.026627182733823144,0.0006880700357739302,0.012002661140248767,0.00033636014253936774,0.014839786109380172,0.020123491190927666,0.002360968691490382,0.0005594928569795021,0.004832054864447779,0.00632695010796478,8.452842553152823e-05,0.0012056624418068248,0.07302216456691236,0.012306664885899,0.001768862767341456,3.21350659536263e-05,0.12342998124608884,0.006039656927039721
Yukon River at Kaltag,0.020086728934137325,0.1874478636694875,0.013321727211398883,0.5314448458155377,1.0,0.0023452006201166685,0.11067599999814834,0.015246445544137332,0.13727941587318562,0.09997422206908045,0.01174923851532406,0.004169058016418798,0.08951878250476948,0.022714500207260433,0.0031401853996148414,0.017573533558092436,0.06540051729427908,0.024934854869671147,0.014475099900006411,0.07451603870046897,0.0035227169323346066,0.08616654160887971,0.003923292054289345,0.05610812965929621,0.04932542542652161,0.007647147613335329,0.013795804249401415,0.10702057627486804,0.003975270407714498,0.020247980067150766,0.024771898638485657,0.43382912948600444,0.03376562247585228,0.017647604007245504,0.002285709214651609,0.0932168826333141,0.030111531312724777
Yukon River at Marshall,0.0008264454779623506,0.003297421839091421,0.0027776659625666934,0.5684060631500205,1.0,2.3387299984227652e-05,0.21274879971142444,0.0006529380938150846,0.00130824497338273,0.0024625981919211156,0.000992672301411398,0.003445732727824952,0.04812785128417227,0.0005123738384254446,0.00010166179754761633,0.00023091769141513286,0.03322222098210628,0.0010835480344141314,0.000540563090530014,0.042972166932820174,0.00043581552909059245,0.014328863132787925,0.0002906265740719059,0.0006417726443689616,0.041708033806975756,0.0026629134209743078,0.0016712463427609452,0.017131961163108007,0.05804823393352255,3.2590476113243074e-05,0.0006230889564705652,0.03428123161819461,0.012875928176803162,0.007980346904209344,0.0005046242762548433,0.154368781062682,0.005719650973600454
Yukon River at Mountain Village,0.003950620013405016,0.06722686790216978,0.0025884114971209413,0.2955282619748719,1.0,1.7550729874250868e-05,0.6695144145523607,0.008868147653929286,0.03312622136633463,0.006722278936287912,0.011133470020350872,0.0007025620553409214,0.07872013827591348,0.010398429605775372,0.003418453813062038,0.0014346584643005597,0.024011512916677556,0.0007930919097298071,0.001421916348447894,0.012516288977070392,0.0014602133292219224,0.0017609755998601383,0.0007393490585488687,0.0034315109935835935,0.03541779148949439,0.006403788369550814,0.002703547772111802,0.01961026161254078,0.0021265586875632778,0.0027147563027268124,0.01431862635816421,0.07433770218588985,0.0006516256012901107,0.004394577998180579,0.0001792286565477952,0.17997659852339415,0.001494742672952065
Yukon River at Ruby,0.040713292797477776,0.20474326366017853,0.12098553162612778,0.7760494705363383,1.0,0.0021032744262813033,0.08343875109506245,0.010998463173905272,0.13369473665195053,0.06205702637142633,0.003223180063793884,0.049727222974753224,0.09616696370523682,0.006975929200483987,0.0013354812734404416,0.06457871279835009,0.2621341720096874,0.08967142625134679,0.04781428418256651,0.3621595496439125,0.007908432743634283,0.3789382715164099,0.029796413712555578,0.18110318669230327,0.04502762589555166,0.004579067125027217,0.0194692301351611,0.07680987818206238,0.019820113278825335,0.05014764792622004,0.007336942397782692,0.1698404983606128,0.21323743663345682,0.13238552759624722,0.007496822065071666,0.0339735731688652,0.15077962172579276
Yukon River at Russian Mission,0.0012931777551753911,0.02674528430421731,0.0051502494483783735,0.4366376115479632,1.0,1.1616023083300393e-05,0.03891287497329993,7.591470018423399e-05,0.003542738839711711,0.010543596357015418,7.892259025929115e-05,0.001396048242186012,0.1750550273299407,0.0008723733169683599,4.177333417150641e-05,0.0003522334770085068,0.03628929670458869,0.003569739115578048,0.0007556990492138229,0.038752774871146645,7.840554973828305e-05,0.019085649565357538,0.00029572581138020726,0.006162441819064839,0.016069149463631357,0.00018335782333431125,0.00027161937726551,0.005555469555637233,0.017310104014919763,6.862303494301716e-05,0.00011586425157602806,0.041119893053000935,0.010038983656454706,0.004405020000531291,7.89265753495929e-05,0.01440882079168704,0.006102962794438326
Yukon River at Tanana,0.005012019405243694,0.06409911509930588,0.0032022048890223568,0.18498220078780772,1.0,0.00537944423949897,0.05695899304574133,0.001352586561112874,0.029534959696006478,0.11869155785313983,0.0019445199478498802,0.007456994403722262,0.2888913709984095,0.0005757285094552584,0.0004909410890572365,0.004848060697292825,0.03836452369387777,0.017783654919258412,0.008947975678184832,0.03240025285942653,0.0020313112508801518,0.09005184400823169,0.008230486166786026,0.06951842843809992,0.4384533072270745,0.0015067093509059032,0.004957966397536832,0.1344032756955444,0.049323407260562585,0.010548192191118966,0.003432027997574517,0.5520369807669316,0.06458300830445243,0.015398526995116632,0.0004749817471396413,0.009847489464765729,0.016962931344988812
Yukon River nr Emmonak,0.006033194695132371,0.06265062563416217,0.020193509879864163,0.7019835995778603,1.0,2.627192027381187e-05,0.35260396165254565,0.003121185088091291,0.025549396501981333,0.020479457114879085,0.007331948459748948,0.004564887491369985,0.11790070545601544,0.004641849197280607,0.001427219842177376,0.003716162139799335,0.08104796398146166,0.004616043786790716,0.003333504806327461,0.0684499856333534,0.00163991493719139,0.022116921767268788,0.0031307372683364245,0.016647501219644763,0.03670991775558917,0.014702262121053402,0.001390235275669263,0.011753436032311368,0.0202628332366793,0.0009226701505246505,0.005758593623772972,0.15643165143105,0.016689528066171452,0.009363292825470734,0.000599455956319493,0.1222189356101889,0.007693168553111344
