# Correlations between TDD anomalies 15 days before breakup, and breakup day 
# For all selected sites and stations
# 
location,ALYESKA,ANCHORAGE_MERRILL_FIELD,ANCHORAGE_TED_STEVENS_INTERNATIONAL_AIRPORT,AUKE_BAY,BARROW_AIRPORT,BETHEL_AIRPORT,BETTLES_AIRPORT,BIG_DELTA_AIRPORT,CHICKEN,COLD_BAY_AIRPORT,COLLEGE_OBSERVATORY,CORDOVA_AIRPORT,DUTCH_HARBOR,EAGLE,FAIRBANKS_INTL_AP,GULKANA_AIRPORT,HAINES_AIRPORT,HOMER_AIRPORT,ILIAMNA_AIRPORT,JUNEAU_AIRPORT,KENAI_AIRPORT,KETCHIKAN_AIRPORT,KING_SALMON_AIRPORT,KODIAK_AIRPORT,KOTZEBUE_AIRPORT,MCGRATH_AP,MCKINLEY_PARK,NENANA_MUN_AP,NOME_AIRPORT,NORTHWAY_AIRPORT,NORTH_POLE,SAINT_PAUL_ISLAND_AIRPORT,SITKA_AIRPORT,SKAGWAY_AIRPORT,TALKEETNA_AIRPORT,TANANA_AIRPORT,YAKUTAT_AIRPORT
Buckland River at Buckland,0.00014549585785208512,0.15406616403547305,0.003961205920523824,0.11331574004649936,0.6255031046790218,8.171673891855176e-06,0.00037013422072352685,7.414141655995436e-05,0.0004837347912716771,0.0014265432355797607,0.0001096668753735821,0.006355656831705964,0.015912444059658512,0.0001947360599579871,0.0002671737754776813,3.350716192900529e-05,0.03883857035334316,0.0010450804178068517,0.0002019659170927433,0.038993253281725496,0.0003003630549745632,0.033324545070482645,0.00010556672074977346,0.010759562423609759,4.069129996278227e-05,4.342373169289997e-05,1.2790263855690829e-05,0.00014657887114433526,6.735096546404205e-06,4.19781471732166e-06,0.0003766304083753825,0.11267278093579983,0.023677421416795925,0.02658203053950364,9.034887761477965e-05,0.0022386167237528117,0.008675223324433105
Chena River at Fairbanks,0.01991545161841338,0.0015443469571661908,0.00750409537618444,0.010973976475963015,1.0,0.10311673368316623,0.09240782740786456,1.364184608439612e-06,0.0013596098011969366,0.1806996892145399,0.004427039977882802,0.0065626331700927645,0.3453684565457437,0.008253181036101072,0.002073194555493063,0.005055248469680502,0.00601377398802317,0.04601268962075594,0.12770975254204084,0.012079314931932972,0.014244279794036536,0.13352548429904051,0.03744488113277348,0.04092380298417825,0.6020100065650198,0.0017146759719519134,0.019843746851447006,6.787450699052012e-05,0.646081710661094,0.00794225880244118,0.002077288714129009,0.9207357688306231,0.012687819309020874,0.0074472218152114005,0.005805549633766531,0.006206836872938497,0.022323575505377106
Chisana River at Northway,3.674971618119509e-08,0.00011028229924484078,1.015590337005302e-06,0.0012082377404007956,1.0,0.10950402911042594,0.16573845904003048,0.00017854731736855262,1.568443477625548e-05,0.2731290816454429,3.927584202433443e-05,0.0003223243275939628,0.34604917417503767,0.0016613545827599285,7.425754389099397e-05,1.1135527675017653e-06,0.0002056135542097214,2.9307088099728544e-05,0.0018247418542609985,0.00013767486456456223,0.001976467647625283,0.0002513754356913984,0.0003909656752271283,0.009671467365240695,0.40303351506351903,0.0038632482364359152,0.00023939985815523898,0.003947926549565747,0.5130667010856174,2.7582186529594397e-06,1.728844955808534e-05,0.6739684001641065,0.0003167621311791375,1.235830437365357e-06,6.603365380682756e-07,0.0062726169040835346,0.0016063077514852746
Gakona River at Gakona,0.04453135385311399,0.20124835470109537,0.019084768087886065,0.05449530916141968,1.0,0.30307130445280817,0.6545242684928428,0.0399367842762308,0.22730809824360695,0.547959986315064,0.031178165872832692,0.04924654608680495,0.28079901383780026,0.08321182371076774,0.02399102508218781,0.011701600086832596,0.10246009287303769,0.06590132709753714,0.1346940324266114,0.0692204980016935,0.023539913216076506,0.3535825210606899,0.0724793861734487,0.1895638935539055,0.28455142235917075,0.04567030759610037,0.20484941422567657,0.0007129592158868467,0.5592621117466337,0.016599480675857013,0.025796736344631067,0.9466538834780611,0.04569015020215915,0.11803560312348212,0.014872224498620468,0.1305277183008118,0.08606490277751813
Gulkana River nr Gakona,0.10623360792380493,0.1853209180085161,0.05566363699033082,0.1668257977143845,1.0,0.5299012811185391,0.39163437784205346,0.022629336898526135,0.305368032813439,0.6102139268717035,0.0215848388958104,0.12950521859302755,0.2704641683754403,0.10603917742722277,0.021347574692729923,0.012989242483888,0.11373789362896058,0.23432298618386316,0.44405742055722974,0.11100220741511549,0.16632091916684624,0.4808064594499106,0.23355613998910835,0.3826653019071801,0.6362466668036889,0.048950819014303745,0.16773511393567528,0.004263209424943086,0.6700866644542081,0.004307764485663305,0.012130408326132613,0.9822915342673404,0.31475136671770954,0.0445356547525311,0.03381585137992054,0.20856945950451672,0.24125197803491688
Kobuk River at Ambler,0.0002545741984318361,0.039587407821181,0.0001642726817601634,0.12230232285135914,0.28454425240227427,2.0161439277651476e-06,8.566581548787524e-07,4.733826607447163e-06,6.378086907852365e-06,0.0024800757910940384,6.171534988896505e-06,0.003580305851634177,0.003912078366879921,1.8423675625056154e-06,1.3649163848969638e-06,3.938226984910634e-07,0.012588477567531267,0.0003925823593601807,0.000580730802525929,0.005894477398870299,0.00010397498829380731,0.01974307786418543,0.00010334031172505721,0.008089156341091613,1.1083513257886018e-05,7.910370052533235e-06,2.2833804614211532e-07,8.502432049854536e-06,4.589924524430438e-07,9.287924176343548e-08,3.010489021506729e-05,0.03343359719426963,0.007764081079388323,0.0015567285767565107,1.1227741598044051e-05,2.9773791365461342e-05,0.0075886966128636615
Kobuk River at Kobuk,8.00549309761686e-05,0.024504764713527014,0.0005790677071047679,0.19529574502923605,0.7384793039520737,3.540812984536362e-07,1.1960506084788612e-07,1.3066130857713398e-06,2.2711112137155993e-06,0.026073734525278974,1.0077903930428293e-06,0.004215539207124317,0.09840929927832838,5.501612566505132e-07,3.1432282775255903e-07,3.049193768965095e-06,0.042265131849895686,0.0005742886311553461,0.000538019431385615,0.024880553298666258,1.9487507920646406e-06,0.04598479225429038,0.00015089111331850565,0.02527015083336002,0.00042290029981425635,7.758325611274988e-09,4.239780786291846e-08,1.900645200605255e-07,3.10894661211397e-05,1.0992401553323935e-07,4.157186602666032e-06,0.1824608608598204,0.021926296032542557,0.01935185722763652,4.6665677356686565e-07,4.3765390132290317e-07,0.009499642133989277
Kobuk River at Shungnak,9.588907756561234e-05,0.012248229434308764,0.0005822603464298907,0.15613268672086275,0.20766317060066605,8.921536779109258e-07,4.815385692584067e-07,1.9202828585969084e-09,8.114118137962624e-08,0.007421602478414968,8.617904163062413e-08,0.002581320329572466,0.005176498231378353,2.56216419386065e-07,1.0368895138142071e-07,1.1322888678067095e-08,0.010305848049618042,0.001351994373331731,0.0006037191524789019,0.01810506850595402,3.4461533207060365e-06,0.024001413565972664,0.00021057594775021298,0.009194595495787949,2.3256342031211294e-06,3.305593660824911e-08,1.3791406511872859e-09,2.6888500298489927e-08,4.999574584902208e-06,3.139433807541801e-11,3.886710166934396e-07,0.023769977639852034,0.017607943623912832,0.0023117662693969126,2.9457900748632696e-07,6.429883752939646e-07,0.01215877906926069
Koyukuk River at Allakaket,0.0001934668744643926,0.033636242276012654,0.00024849654770491334,0.07758033187097585,1.0,1.9571752161234732e-06,9.730973883172148e-07,7.363962715491881e-06,0.0019535555834061494,0.061606812521805054,2.090855972969652e-06,0.0009385375329554073,0.08740767027316715,9.848687201499005e-08,5.802518636234974e-08,3.609541015853989e-06,0.04252626855544357,0.0009052420176275231,0.0006900412495818994,0.01358334513466298,1.7131185831843403e-06,0.07289450156678952,0.0007650733169325494,0.0289359531906041,0.000913263478569143,1.6325374954554094e-07,7.28020855236743e-07,2.6375762414818586e-07,0.00030115413936813426,3.126469842126854e-06,1.5567782419000688e-05,0.2287764310471789,0.017279880717358066,0.009252261596054355,4.6793383157966705e-06,5.486965723379244e-07,0.013317882166508593
Koyukuk River at Bettles,0.0029003321719250743,0.07805900025992712,0.01814614139690532,0.29950202614670607,1.0,0.0001496962523143863,3.9812477683579355e-06,0.0004887500181692324,0.016444929546439627,0.33884586926058946,2.0589808910940674e-05,0.015884953008995374,0.29812085448734443,2.6381396854604534e-05,8.446683769462974e-07,0.0007034795102453939,0.1086548170893947,0.013210191207498707,0.008526704719674205,0.10274299518319968,2.5029101974712624e-05,0.10177644040148956,0.0039575967673611285,0.07746294970201642,0.013815596086217874,8.546185751488503e-07,0.00015764971806531938,9.9114399902323e-05,0.0014857863706132372,0.00016111978896422914,0.00010870706295952392,0.9149975987280193,0.06545713269490055,0.05772632011611087,0.0005110081488165829,7.111336517301013e-06,0.05517747006816611
Koyukuk River at Hughes,0.00037280319856031343,0.04184282125890511,0.00034845577839390295,0.06683028119638473,1.0,3.445909149961468e-06,2.637014957224535e-07,1.5475506948612216e-05,0.012610597012210656,0.1472510444521651,7.054182833324818e-07,0.0014438954205729286,0.10686958288865378,3.435458467984878e-06,1.6770707101545653e-08,4.238850922385587e-05,0.0267258978362266,0.002440910416409817,0.002586107606856504,0.008624009074927106,1.8953492242605475e-05,0.0984757478524952,0.0004893022417352187,0.09890138276170199,0.039176344534302,1.052008398790119e-08,5.233168812771675e-06,3.107477070802585e-06,0.0006218763474957853,9.237304072113771e-06,3.6315061421213276e-06,0.5983855044473311,0.01324965537840171,0.014147051267573872,2.5349348801024207e-05,5.757497514065065e-07,0.01744166322343434
Kuskokwim River at Akiak,2.663167989018109e-09,5.394896925495144e-05,8.991738901280059e-09,0.007735354797211017,1.0,1.394931034799291e-12,0.002688766794385192,4.054870202931133e-08,0.007267285117669819,0.0001994868943596241,6.542316750335972e-08,1.0543227047380086e-06,0.013064818958968247,3.6116585760982327e-06,1.0454388009837772e-07,3.586569019231368e-08,0.002573244330743372,1.383410538825819e-06,3.5608292190147487e-09,0.0004212831603093343,1.0022335557929958e-07,0.002970494755384039,4.352083942501513e-10,0.00015123569324284616,0.04156639389607055,1.1944904072607102e-10,1.4405365508113677e-08,5.976860632082035e-06,0.0007149726064334932,3.004555287430943e-08,1.9380162128656884e-08,0.012239649784994564,0.00018161204002975487,0.00014052006079324155,5.402761178997492e-11,7.559599998812332e-06,7.356879847023138e-05
Kuskokwim River at Aniak,2.759900233206125e-08,0.0007033238090385571,6.975613424737775e-07,0.01799508365390604,1.0,1.4530426316237013e-09,0.0029579054983560776,2.1318698110421242e-07,0.014263332380575106,0.0008928220523496427,2.975763404482332e-08,1.64859767029025e-05,0.013813010602919819,3.1365351497286534e-05,1.587019006998551e-07,6.02055120390873e-07,0.00874761997604871,3.6715772028881744e-06,6.99567019753179e-08,0.0011591432613062566,3.743018223920462e-07,0.013143516546522849,8.720442004360898e-09,0.0003700894101329485,0.4687478057335732,4.124397029407165e-10,2.2207426637114545e-07,6.660422668394675e-05,0.003252068062778953,1.4510960602826827e-06,1.549181977641083e-07,0.12431876386300285,0.0009593970085219788,0.0007028035685663659,2.1013294704670983e-10,5.758839685628362e-06,0.00018984956006515475
Kuskokwim River at Bethel,9.171566639527926e-10,0.0001298025721122198,1.2330086445766343e-07,0.008955432529145631,1.0,1.1049580361120143e-11,0.013738985270597498,1.229414526695253e-06,0.0378098609183653,8.414904653254016e-05,3.3858502714218573e-06,4.7482271454365e-06,0.002615503044907069,8.888301036734341e-05,1.0492793272319634e-05,2.0899986734110062e-07,0.0025264512939533056,8.929437989421676e-08,5.593290814726909e-09,0.0007092851003131666,7.798271059091986e-07,0.005319658364375902,2.4491761147766862e-09,0.0001385627256786857,0.033654892082095975,2.488773295084415e-07,1.842964896028119e-07,0.00013757834992935634,0.0006849391409656878,1.6441096394809618e-06,1.9345656587808016e-06,0.010788425428676713,0.00013664320761016903,0.00018998895961726319,5.470855853088107e-10,0.0007341478811022488,3.791897582674882e-05
Kuskokwim River at Crooked Creek,1.0160156783709013e-06,0.0002527577460199667,9.536245410436386e-06,0.11290034234853029,1.0,4.949085754852369e-07,0.07071701661883048,5.01278106565147e-07,0.05660948477914234,0.0006225549409602317,1.6529473998483497e-07,0.00010841895775572705,0.007968641372869303,0.00011992229648411364,3.982068561539712e-07,1.0566712748050986e-06,0.011306458059382204,9.723126498594577e-06,2.749532036572712e-07,0.015711708429942028,1.465146520533911e-07,0.015441640894520164,6.399827247000713e-08,0.00029134310283645567,0.4390627603077896,6.185315087805666e-10,3.2834149559599995e-06,4.6256073114421736e-05,0.05804734420451331,1.0913992582006227e-07,1.3558613793314658e-06,0.004092279305563018,0.0030105464474879723,0.003526504680978704,1.6315891283616534e-09,0.0004098139061351324,0.0007194445887547767
Kuskokwim River at Kalskag,1.2550322311493228e-07,3.817578285749686e-05,1.1709805451264109e-07,0.0030098831226110312,1.0,7.546554920896634e-08,0.0719807787324701,1.174367801988085e-07,0.004244838088134596,0.004490538455864602,1.1485849055624094e-06,2.2897108759143115e-06,0.2249208392580841,0.00012507728498178136,4.887164314746107e-06,5.015774819497263e-07,0.0004210043956920995,7.692892284893284e-06,6.3893438769243465e-09,4.505973709624509e-05,3.4740281051498914e-08,0.0001424738880324301,8.767101393107138e-10,1.0012689900527298e-05,0.1666036027013234,4.8575494637663995e-09,8.86663608488129e-07,9.138751492621114e-05,0.03665558249907524,6.448640155852794e-07,1.8981151132509405e-06,0.316897314432413,3.0463785760211955e-05,1.4928892850557455e-05,9.710585630380668e-10,0.00033218347590227364,2.4368988206986376e-05
Kuskokwim River at McGrath,7.628031919617859e-08,0.00024525127982431074,2.605852198489057e-06,0.003163781054655809,1.0,9.589854063887968e-09,2.5242684057833147e-06,2.6983043446836813e-13,0.0006956191631691738,0.00616471778275255,2.1877097149919216e-13,1.1180739555393379e-05,0.06363757850806206,5.1879145713547684e-09,7.154793808334583e-14,2.5935470634313935e-09,0.0029315106669586207,1.0592269578008723e-05,9.951347236108106e-08,0.0007981694964220582,4.1085446841540906e-11,0.015261923799294442,1.0789933942158585e-07,0.0008225965165126993,0.02366945124337,2.3655403480365936e-16,8.849114658882173e-12,3.039220139854086e-09,0.0020623002615288146,5.517938421861748e-10,8.621691276160854e-13,0.19719566553403245,0.0008311223730128465,0.0006113311128412082,6.343476328372945e-12,9.499058648810894e-10,4.028316089712999e-05
Kuskokwim River at Nikolai,2.6365264289140105e-05,0.0007438880100477494,0.0017711244805480525,0.013823900628411037,1.0,0.04338459635983051,0.2724522151682745,6.41725951617662e-05,0.02283703585036889,0.31860078010935006,0.0004860409299269914,0.00041137413602395295,0.19027531520737567,0.012331811387209575,0.0023371028490298575,0.0016237766481896035,0.018169348168603744,0.0002252398620897201,0.003288383539700474,0.00635049974955268,2.550789228447348e-05,0.02369915050993394,0.00994896452029402,0.0010944949403644728,0.11093464042637279,0.001743016007511985,0.009347954114460733,0.0025620438755334057,0.9814332207118975,0.0091998154268353,0.0005382435061671274,0.9578920972975159,0.002567988664114357,0.005872407636548538,3.4320161040660526e-05,0.008651334028037937,0.00047749624362622607
Kuskokwim River at Red Devil,4.0190677107978374e-06,0.0022187956325532944,2.5443592336848855e-05,0.0802206947923545,1.0,2.650501983866625e-06,0.08257731136794097,5.066782936972054e-06,0.03618702742819163,0.0021327382528170975,3.282024370091467e-07,8.116247566882813e-05,0.03888346507039064,4.797744065591308e-05,6.93968168426131e-07,4.5419319569542434e-07,0.015382805149746343,2.3660569108523617e-05,5.154141690268076e-07,0.008332794375782986,1.0893724196952812e-07,0.007311086871896343,1.5482374297342877e-07,0.00015998647946018345,0.5784389222539366,2.5855139988325245e-09,3.3611125060913522e-06,0.0001837821079100799,0.17249103459663317,3.433939180765563e-07,4.384750460521913e-06,0.02204373781444795,0.0016538048145960554,0.0035205631880373426,1.9465751196275986e-09,0.0006529764535299786,0.0003341815012242582
Kuskokwim River at Sleetmute,9.534000343843156e-06,0.00013818951269533604,0.00022724524805485725,0.17498028455449594,1.0,0.00012019956277467475,0.08959836355789026,6.425958290820837e-06,0.03371682767009411,0.007803473282944578,4.724854027590567e-07,0.0016839423044587105,0.17577888807811218,0.0004522048899318633,7.2902188706320705e-06,1.4569888113211486e-05,0.03454464784573596,0.00031027111170550654,4.56105258647061e-06,0.015545407034674927,2.904838105787034e-07,0.023699989055881353,1.4693550840587326e-06,0.00015108325325703556,0.745100084671969,3.8323521263394426e-08,1.9457925425793597e-05,0.00020995183703471394,0.47318402885157734,1.7513773932439973e-06,3.116846055741565e-06,0.15478062190560576,0.015219186002426653,0.0023265760565753576,4.890763943751003e-08,0.0011459246179281938,0.0020527847771475327
Kuskokwim River at Stony River,1.0865580879851857e-05,0.0005215179064953576,0.00018193778919919237,0.18593565020157038,1.0,3.6255278268512224e-07,0.005204458575142485,1.0476158441252815e-07,0.0006220709194688137,0.004836785689273572,3.013743319181967e-08,0.0010855531690743768,0.023709971422749967,2.1035303427820723e-07,4.982207272767479e-08,4.836682268573211e-08,0.03727659308580372,0.00029476896568856714,4.283320529079383e-06,0.04718847958659638,1.025126680225405e-08,0.11731181035562471,2.1979983071118154e-06,0.0008367814577080937,0.14585170297246894,7.005251631587972e-11,9.60440790770577e-08,1.0457452058589957e-05,0.09270184237625298,2.0974931160498124e-08,1.3700457722971592e-07,0.07284811993662262,0.032232505453612614,0.010232330149899492,7.726394487350919e-09,3.0427337475752166e-05,0.0018189943690178735
Kuskokwim River at Tuluksak,3.7716004715569417e-07,2.7693211701018736e-05,4.683752983718539e-05,0.1121652823222543,1.0,2.541539054198823e-09,0.051951223380936024,2.3475021198027858e-06,0.008196261913116369,0.002350363549119672,3.88300406603237e-05,0.00039946370537228306,0.10495401877005603,0.0004647937176770905,1.732674058612714e-05,9.398174664711856e-06,0.0067503478019551475,6.09285322963838e-05,3.112542233389015e-07,0.005610320099776207,1.0743556691827225e-07,0.0015601266005413577,1.227443337758451e-07,8.050946844998264e-06,0.038654588902753854,4.9481443157983454e-08,1.8304759929866253e-05,8.992013249193247e-05,0.02477726004534179,7.386825519163508e-07,2.0761643757779407e-05,0.03756631607256393,0.0007306264521998805,0.0024869598817193047,6.957774744041482e-08,0.00037718564014920945,0.00037400375010170257
Susitna River at Sunshine,1.3891091838317393e-06,0.00019738707648523732,2.4718728994236636e-05,0.0005333199166555238,1.0,0.06358001031677345,0.8666428924762161,2.552110419668654e-07,0.7193020449807533,0.4460881167160623,0.0001975913368914095,5.4586478704947775e-05,0.7468718451772935,0.041692702839670547,0.0005113364979469876,2.2281161866016554e-05,0.0003985931116745819,0.00049760470568458,0.0002993277194868136,0.00012752312134321035,0.00013712041640925505,0.0004673102581388133,0.0016360978711618664,0.023804368297783533,0.6893166174168724,0.004490430713722525,8.738895335911797e-05,0.0336249215027793,0.8150874896641515,0.012357677167801348,1.4485537556009093e-05,0.6061705821357323,0.00030158184736554187,5.890456902238772e-05,7.619550362940526e-09,0.09602312411593619,4.331107038723391e-05
Tanana River at Nenana,3.0059586618184137e-07,0.0010032709570702671,7.934893072722647e-06,0.003647961833402964,1.0,3.5878842804975714e-06,0.00029820608895040506,6.85115608297485e-11,0.0010644132819821973,0.04074416580345128,3.3646020857077113e-12,4.2372524459534226e-05,0.11849344240841796,3.2534497388852956e-08,4.3588555097442995e-11,3.2710053690895333e-07,0.004550537154758064,3.7491065608788446e-05,2.2403735396933e-05,0.00087592968556615,1.038675666127343e-07,0.024456408636836076,1.6194270010232513e-05,0.003282855009197981,0.129543502543582,1.6146617477777243e-10,1.9492911455264287e-08,4.477232168621255e-08,0.12929371155629177,3.0760174841407737e-07,4.756334756631664e-12,0.40343689142391237,0.0018506683610977613,0.000539278262980612,2.2214165784557637e-10,1.9066936780821232e-07,0.0001833727393482576
Tanana River nr Manley Hot Springs,0.0010732374866431887,0.0019083148187959997,0.0002325735946663364,0.0025777062371013606,1.0,8.681917492596078e-05,0.00168210355963334,1.6481635674060043e-07,0.02474404757586507,0.08068051239480596,3.1563593448301414e-07,0.0016764094935418513,0.06581838614145283,3.728042270573086e-05,3.838618420066506e-07,5.682510153033134e-05,0.016938346451941068,0.0031650384985107026,0.001824066121145186,0.004191731752092329,6.430095547134587e-05,0.07156378282754983,0.0002065920827656507,0.031794818798446194,0.26664109666707264,2.5241871970972046e-08,0.00011317718888846508,2.265674292486095e-06,0.006433664501121918,0.0004979036480047995,2.4663663385946746e-06,0.4739979069998407,0.011468836784047979,0.0020589265215899444,3.27669265515431e-06,3.02642440709466e-06,0.01039734528577143
Yentna River at Lake Creek,1.976885635499138e-07,0.00024166808437814524,1.711310909519994e-06,0.0007129276455848511,1.0,0.0355379760178403,0.9544495185461606,1.0336488085457832e-05,0.10270824237445329,0.3434250887608413,0.0010129469392146007,1.304601255856702e-06,0.7748367251841637,0.0056597795244788685,0.0011435361888666375,1.5285088536585375e-06,0.00019253536660813943,0.00011137974303870265,3.059278176955306e-05,1.1775988964873827e-05,8.159140484885604e-06,0.00045264003394513585,0.0008492863495078504,0.0005011447879370704,0.891527518796774,0.008709021761616621,9.201767068908022e-05,0.003845496970815527,0.6650049259831825,0.00018390437436507624,0.0007101109386241569,0.4871179745171665,0.00010171705044156052,1.2178199546717941e-07,4.461433854403782e-08,0.12283999006214497,4.322487820108711e-06
Yukon River at Alakanuk,3.6950912657934416e-07,0.005834169479251923,2.3227172982601045e-05,0.023957700380424416,0.002629830467112975,3.955525460893658e-14,1.200214147389043e-05,5.324020925183107e-07,0.0006514488301996434,0.00010530119548042686,4.0782940792481915e-06,5.340521016135277e-05,0.00350455816018456,6.143111069497486e-06,1.8883433061753146e-06,3.295485527837741e-07,0.005856338466080962,5.113145552019292e-06,1.175661158544176e-07,0.0022793593219294374,4.65971834147695e-07,0.0038545202338179188,6.582256907927988e-09,0.00014056021853991264,0.0003162890473013725,7.799517110884154e-09,3.421622971825738e-08,9.635329577211137e-06,7.897919362439097e-11,1.0770407048437375e-07,4.533968781019263e-06,0.020779994556729027,0.0006821100576121423,0.0013335092535562596,7.361755167270609e-09,3.2935612864710704e-05,0.00015609925936206577
Yukon River at Anvik,3.177206249685012e-06,0.009562952566731403,3.8921884838312154e-05,0.015844771032501773,0.7066923362200226,5.367107785398743e-10,1.1449489665465419e-06,1.668697842451318e-08,3.717779563817175e-05,0.0014228443983106329,1.642932636914839e-08,0.0002679077165172099,0.024123534542441726,6.784857064185932e-08,3.4633401965290726e-08,1.9416078841103423e-09,0.004618808776607238,0.00016591952966598912,1.5892508377479623e-06,0.0030944167956798215,4.8933420491832255e-08,0.003959483948780988,5.443882471862775e-07,0.002386607357151594,6.010523410700004e-05,1.3307578262781853e-11,1.400531578730104e-10,1.8357447648585374e-08,6.25999992095821e-08,1.1211375112245056e-09,8.251687373513996e-08,0.059392632605375785,0.001777012690271963,0.001228215202601563,1.1061578972904584e-08,6.552061323345894e-08,0.0008071468821381738
Yukon River at Circle,0.00020027459013243097,0.042945480190519386,0.012596724299268496,0.15982707627884604,1.0,0.0006113020121630493,9.100067096042436e-05,0.0002153273926230658,0.003736470538391964,0.41376433467707546,1.1712399265972039e-06,0.0065571557560268594,0.49549844114707065,4.488831961633511e-06,4.912452415622193e-08,1.3766663881970256e-05,0.05365246848267246,0.01348516153584351,0.0007864860960851681,0.048696188614654294,8.622899362796045e-06,0.07993647960477568,0.0005631297193724652,0.039982116042977335,0.09186913339784573,4.542651007010274e-07,5.802282667936484e-06,2.9201666415256573e-05,0.07344405556995623,1.2434588464227372e-06,5.1513285089983975e-06,0.6598501497162628,0.05422024366539268,0.02632489817825133,9.273951363275774e-05,4.9061504956018246e-05,0.04069101914709576
Yukon River at Dawson,7.416984163135167e-10,0.00010578458735011375,7.608562320181925e-07,6.95489090453285e-05,1.0,0.00018383730986129806,0.045951668395956574,6.350446487335132e-09,0.010632391043184001,0.118945824367669,9.439014594580098e-09,8.466344862887477e-07,0.36903594049192534,1.3410428495134423e-08,4.33654530265185e-11,5.864247036443789e-11,8.753320154286322e-06,1.1876380719695117e-05,2.0135547200424788e-07,7.627714235121539e-06,2.8705451756845146e-09,0.00046973027937478347,8.916407639679339e-07,0.0024007313306332553,0.1618181263188603,1.8915474107570233e-06,2.0355894163003385e-07,0.0001256220415978215,0.2744260296101353,4.951800919650869e-10,3.969156422748395e-09,0.739652594174604,3.435617312736309e-05,2.3970765815288424e-05,7.607882512502233e-10,0.0005223683063080392,6.597408435517728e-06
Yukon River at Eagle,1.0462151567690803e-05,0.0025016056890912347,2.936646215313822e-05,0.0005823979642139375,1.0,0.0014195896706791715,0.0019139486759843101,4.531773650528201e-08,0.009091633137689566,0.40180914552035113,4.788586698933927e-09,5.62998552859931e-05,0.7601461497704808,3.350429511545001e-08,1.37946463236105e-11,7.911906495673239e-07,0.00036698612270777084,0.001241684998667249,5.216178091644957e-05,0.00028621457676199436,1.2691269695126104e-07,0.007453537912112967,0.00010954481280397257,0.023762983421660687,0.5299877618676201,4.436477441119884e-09,1.2170004849915109e-05,0.00016046614811990846,0.423481859338255,1.2968806623367245e-07,6.091429192533052e-08,0.6565373116581129,0.0005930364515084166,0.0012232475527672606,6.808045211260695e-08,1.7085882466688741e-06,0.00016240045961418977
Yukon River at Fort Yukon,0.0005150417938081649,0.030399900728073963,0.016472030891005743,0.1179987328192718,1.0,0.0019547557939014015,3.372316769926614e-05,0.00020327804267065172,0.00614337218876137,0.41043271803772163,4.529859433161035e-06,0.007836320249351856,0.5068561975042857,7.020204616308495e-07,1.3757216210748217e-07,2.0954453038047177e-05,0.033514119214477826,0.018902416097779994,0.002167139389749065,0.03725602795066227,7.470713539676213e-06,0.0858977203794751,0.001717683528276222,0.04476799311755804,0.14415618472657218,9.82141283040458e-07,3.4326288258961924e-05,0.00016861966444631137,0.09136556227044525,3.2136925547605925e-06,1.3698574916350304e-05,0.9253316708808896,0.04673565552258723,0.043392491673915415,0.00039572997678762164,2.995712189707896e-05,0.028876957813972714
Yukon River at Galena,3.620265239787964e-08,0.0006810270978243798,5.678863576568609e-06,0.007460561515345776,0.8856191756580997,5.2890254169054716e-09,5.737127757467974e-09,2.450923437477274e-10,2.5536965372614642e-05,0.008039980620552655,3.146913580856317e-12,1.7198452833403794e-05,0.04907818005032859,1.5035878662964444e-09,3.2513807933455075e-12,1.0378799033521289e-10,0.0010437819330611111,9.970653049022864e-06,1.9420009348843694e-07,0.0008790738910678834,1.7173139234314136e-09,0.01194874397263491,2.980771682773554e-08,0.0011168411427170146,0.003129660902516202,1.0540666187849385e-13,7.676874476511073e-13,2.73726602216945e-08,2.6431700019091147e-05,1.1119153277226487e-12,1.1806900624145446e-11,0.17025251455186874,0.0009400229952789906,0.0003950894174579566,1.7785435861828324e-09,1.5038759928417195e-09,0.00044160077209629006
Yukon River at Holy Cross,4.087759661146214e-08,0.001967694834354196,7.884023310833009e-07,0.006690730225254198,0.866845478765491,7.355358795827854e-10,0.0008798075983826773,7.380853955227471e-08,0.0008384464565875209,0.0009495849502579963,3.452497268517824e-07,4.393138080363148e-06,0.013166329468810158,1.0181697159078225e-05,3.677784989678446e-07,1.4517181047525836e-09,0.000902463267454463,3.396859682310691e-06,1.7763879068858684e-08,0.00018840774514598785,1.0329908743643313e-07,0.0024427152411573743,4.0112853987536906e-09,0.0004618671104543819,0.01727261647349284,3.6908748971711163e-08,9.699906614524015e-09,3.0766527290117895e-06,0.0001022906179799939,7.135563671943327e-09,2.0447579354213595e-07,0.06836867251038643,0.0001450701101172467,2.4216689619753043e-05,5.668374473687012e-10,0.00017757237826857033,0.00023306873145400854
Yukon River at Kaltag,2.3595797037269842e-06,0.005677487983914834,2.2676264553401257e-06,0.008149775977468953,0.8539705610106143,2.113998650769533e-10,2.761430782687994e-08,5.6629818535008515e-08,8.662751074152577e-06,0.0047897971197556,9.998740226093524e-09,1.595597171214957e-05,0.010660545139691014,3.4552456471428386e-08,4.422979709061374e-09,4.45928048009664e-09,0.0017359661274083259,5.927288378907739e-05,1.8890112892628002e-06,0.00044859326739913507,6.746430118477976e-08,0.006678393985165808,1.470554840213094e-07,0.001622253735321739,4.275371238811076e-05,4.7297296869300795e-12,6.662069147169348e-11,5.608965395725787e-08,3.6764732576305737e-09,1.6938451566032532e-09,1.0181066205788874e-07,0.1260243999544497,0.00029759895265633933,0.00015862969018097758,4.414019889046559e-09,1.6507726461507268e-08,0.0005451800068799756
Yukon River at Marshall,8.910806284410984e-08,0.0003556478835832566,8.371813069490064e-06,0.018204066508853894,0.4187585831258031,2.7536190302700747e-09,0.004942934428038729,4.2186268762227386e-06,0.01455507366911931,0.0001745955003181445,2.3622152053026254e-06,5.07035217013574e-05,0.0073843379480693265,4.3307155908903095e-05,1.2044064089827986e-06,7.21633644377153e-07,0.0025912243810748622,3.757937877525657e-06,1.5806507961054718e-08,0.0005668078062230565,4.901202840351228e-07,0.0032116784319580448,1.9899891036887237e-08,1.695297639172852e-05,0.00815718725148757,7.063114250818342e-07,1.4164540438775396e-06,0.0005052417906059031,0.0001917210976108469,5.678180421145792e-07,1.2512116585980365e-06,0.015953223737116547,0.00034143889617964997,0.00017037311551918922,3.140071023710644e-08,0.0009000119558636163,6.912886167986047e-05
Yukon River at Mountain Village,3.158474194791197e-07,0.004669378310356702,2.8930373635882968e-06,0.009830804220262734,0.037197651800257456,2.642404054352677e-11,0.0034760097390951266,1.691401893272083e-05,0.0024091694793888676,8.76061121396478e-05,4.736327812552291e-05,2.4679273053421215e-05,0.008083227781256168,0.00022723277247980317,3.778820002502045e-05,6.5235052442606425e-06,0.0021574583362262956,1.390945445870945e-06,2.2939341569457553e-07,0.000215786229953317,8.668368556115154e-06,0.0003437504389851359,8.21217655367142e-08,4.809935632530725e-05,0.001349938525601278,7.652619118349095e-07,3.798306166657929e-06,0.00016064137196199966,3.598760374049972e-07,5.803157625702478e-06,0.00010352173920436328,0.029049113795149,7.706980557783762e-06,0.00026134541920220654,4.744563964990164e-08,0.0014378905377748763,3.229510609203539e-05
Yukon River at Ruby,6.5466406713626275e-06,0.006395131882778529,0.0001824374678039612,0.042141693166857695,1.0,6.43104716006923e-09,1.969655109062623e-07,3.820317975340219e-09,3.532488699095287e-05,0.003389812241811523,5.82350486658878e-10,0.000438747798363884,0.013231466724777522,3.1883479462871823e-09,1.7157263106877488e-10,8.446254137269062e-09,0.016115570375216562,0.00037102165472128725,6.291335385204422e-06,0.013646739892381852,3.457305739356794e-08,0.10312036448222835,1.0922005208376968e-06,0.008347356209160097,0.000500394683858939,5.643494272888862e-13,6.40434712507559e-11,2.2134183815397362e-08,6.886095981372043e-05,1.2914665938617123e-09,8.099336465373853e-10,0.053799682989160526,0.011893978690993233,0.005582369192908813,2.38413380716311e-08,7.038404855868981e-09,0.005488357510232163
Yukon River at Russian Mission,1.112733228505944e-06,0.004177111483403735,3.67361711575505e-05,0.016247064050855728,0.6925224098210503,8.558131896104794e-09,0.0025363329872118336,1.396004285639024e-07,0.012231284804110867,0.0007026665365619196,8.23807304909901e-07,5.459496195564908e-05,0.0512473522097027,4.0792889715485285e-05,1.2516426466294263e-06,1.2073072142044123e-06,0.005367488274507663,2.2051187415995185e-05,1.5579282350832289e-07,0.0009283756628666069,3.115714415751614e-08,0.0031366480422482354,7.653657075311699e-08,0.0003530980003447288,0.04885185205192775,1.8292274625786963e-07,7.543515832817456e-07,3.3555430508397926e-05,0.0008723429077021282,3.9592501716277755e-07,3.0031858840250666e-07,0.06533801673335211,0.0003863604793713605,0.0001457158939089245,1.903520482217066e-07,0.0004139527413777531,0.0002494320322994474
Yukon River at Tanana,4.633127375623704e-06,0.002337031178104541,6.941044874703673e-06,0.004339244930863362,0.8894656762281872,3.671501082227112e-05,2.0471167639848595e-05,4.2332248255013064e-08,7.204164441970953e-05,0.037731967064903546,1.1028639832047958e-08,0.0002696551050392825,0.1526859847435191,3.445342787077562e-09,1.668543792038665e-08,4.874430796070317e-08,0.002383343755373432,0.00031730464688323635,5.644915398855398e-05,0.000571250062916118,1.070122707633489e-06,0.0309774684543739,2.1160134979748696e-05,0.009552054984774561,0.5722909926989467,2.0440179775998182e-09,7.787603546228374e-08,1.7694317992209615e-05,0.12372006889508119,6.809492957108205e-08,6.800826975530834e-08,0.6572497179839065,0.0047666315746917815,0.0003723864509168607,3.414088674774684e-07,9.033263171094476e-08,0.0009250868827379557
Yukon River nr Emmonak,2.1326482648062947e-07,0.004064489617129829,1.585310145541046e-05,0.025242450344445565,0.014251116798283014,1.1005957869597347e-12,0.00010505840760529236,3.2429533695501486e-07,0.00017535243465869913,3.440411038468708e-05,3.745922095176983e-06,0.00011096431021093603,0.011033017337808891,2.1956184601296707e-05,1.216523527989986e-06,2.5426474944698984e-07,0.004856080791691275,2.737437573662017e-06,1.237202458267379e-07,0.0011149150970526831,2.3110159136348577e-07,0.0020677305937029625,1.2988230988577532e-08,0.0002451993593416476,0.00043711811802612556,2.4746598048069266e-08,3.534246718595475e-08,5.841849630954825e-07,8.804967823183566e-08,1.647185446650707e-08,1.9897762896722497e-06,0.014742722066508295,0.00040166833847708375,0.0003361555309597109,5.819728637453724e-09,7.551802594929897e-05,0.00013779777419743042
